7,Kaggle（カグル）は企業や研究者がデータを投稿し、世界中の統計家やデータ分析家がその最適モデルを競い合う、予測モデリング及び分析手法関連プラットフォーム及びその運営会社である。モデル作成にクラウドソーシング手法が採用される理由としては、いかなる予測モデリング課題にも無数の戦略が適用可能であり、どの分析手法が最も効果的であるかを事前に把握することは不可能であることに拠る。,2023-08-03 15:30:45
8,Helm とは、Kubernetes 設定ファイルを 1 つの再利用可能なパッケージにまとめて、Kubernetes アプリケーションの作成、パッケージ化、構成、デプロイを自動化するツールです。 マイクロサービスアーキテクチャでは、アプリケーションが成長するほどマイクロサービスの数が増え、管理が難しくなっていきます。,2023-08-03 15:30:45
9,Solidityとは、ブロックチェーン上で実行されるスマート・コントラクトを記述するための手続き型プログラミング言語である。キャビン・ウッドによって作成された。JavaScriptやC++に似た構文を持つとされる。SolidityによってコンパイルしたプログラムはEthereum Virtual Machine上での実行が想定されている。,2023-08-03 15:30:45
10,機械学習とは、データを分析する方法の１つで、データから、「機械」（コンピューター）が自動で「学習」し、データの背景にあるルールやパターンを発見する方法。,2023-08-03 15:30:45
11,Amazonマシンイメージとは、米アマゾンドットコム（Amazon.com）のクラウドサービスAmazon EC2で、仮想マシンを起動するのに必要なオペレーティングシステム（OS）のディスクイメージを収めたデータ。,2023-08-03 15:30:45
12,"""Mind"" は英語で、「心」「精神」「意識」などの意味を持つ単語です。",2023-08-03 15:30:45
13,「Amazon CloudFront」とは、スピードと安全性の高さが魅力の「高速コンテンツ配信ネットワーク機能」です。 データ、動画、アプリケーションなど、静的・動的なさまざまなWebコンテンツをスムーズに配信できるコンテンツデリバリネットワーク（CDN）であるため、多くのサービスを支えることができます。,2023-08-03 15:30:45
14,「asdf」は、主にプログラミング言語のバージョン管理や開発環境の管理を支援するツールの1つです。具体的には、異なるバージョンのプログラミング言語やツールを簡単に切り替えて使用できるようにすることを目的としています。,2023-08-03 15:30:45
15,Nuxt（ナクスト）.jsとは、JavaScriptのフレームワークであるVue.jsを用いたフロントエンドのアプリケーションフレームワークです。 Vue.jsをより快適に使うための機能を有しており、サーバー機能もあるため、Vue.jsを動かす際に別にサーバーを用意する必要がありません,2023-08-03 15:30:45
16,ReVIEW（リビュー）は、日本の出版社オーム社が開発した軽量マークアップ言語を使用するテキストプロセッサです。技術文書や書籍の執筆に利用され、文章の記述と整形を容易に行えるよう設計されています。ReVIEWを用いることで、テキストファイルに簡潔なマークアップタグを追加することで、見出し、箇条書き、リンク、表などの要素を簡単に表現できます。,2023-08-03 15:30:45
17,Objective-C は、プログラミング言語の一種。CをベースにSmalltalk型のオブジェクト指向機能を持たせた上位互換言語である。,2023-08-03 15:30:45
18,プログラミングにおいて、様々な要素を組み合わせた複合的なデータや、コンピュータで実行中のプログラムがメインメモリ上に展開しているオブジェクトなどを、一定のデータ形式や変換規則に従って文字列やバイト列に変換することなどを意味する。,2023-08-03 15:30:45
19,Java（ジャバ、ジャヴァ）は、汎用プログラミング言語とソフトウェアプラットフォームの双方を指している総称ブランドである。オラクルおよびその関連会社の登録商標である。1996年にサン・マイクロシステムズによって市場リリースされ、2010年に同社がオラクルに吸収合併された事によりJavaの版権もそちらに移行した。,2023-08-03 15:30:45
20,"Firebase(ファイアベース)は、2011年にFirebase, Inc.が開発したモバイル・Webアプリケーション開発プラットフォームで、その後2014年にGoogleに買収された。 2020年3月現在、Firebaseプラットフォームには19の製品があり、9GAGを含む150万以上のアプリが利用されている。",2023-08-03 15:30:45
21,オープン・ソース・インテリジェンス とは、合法的に入手できる資料を調べて突き合わせる手法である。OSINT（オシント）と略す。オープン・ソース・インベスティゲーション と呼ばれる事もある。,2023-08-03 15:30:45
22,サーバー構築とはWebページの情報やファイルの保存、メールなどのインターネット回線を用いたサービスを提供するコンピュータを作ることである。 サーバーは単一では機能せず利用する側、つまりクライアントがいて初めて成立する。,2023-08-03 15:30:45
23,Google Cloud Platformとは、米グーグル（Google）社のクラウドサービス。同社の管理するコンピュータ資源やソフトウェアをインターネットを通じてサービスとして利用することができる。,2023-08-03 15:30:45
24,仮想機械 とは、アプリの使用を最適化する方法であり、コンピュータの動作を再現するソフトウェアである。すなわち、エミュレートされた仮想のコンピュータそのものも仮想機械という。仮想機械によって、1つのコンピュータ上で複数のコンピュータやOSを動作させたり、別のアーキテクチャ用のソフトウェアを動作させることができ、アプリケーションが互いに干渉するのを防げる。,2023-08-03 15:30:45
25,プログラムの作成、実行結果、グラフ、作業メモや関連するドキュメントなどを、ノートブックと呼ばれるファイル形式にまとめて、一元的に管理することを目的としたオープンソースツール。,2023-08-03 15:30:45
26,GitLab(ギットラブ)とはGitLab Inc.が開発したウェブ型のGitリポジトリマネージャーでオープンソースソフトウェアライセンスのウィキと問題追跡システムが使われている。,2023-08-03 15:30:45
27,歴史（れきし、 は、何らかの事物が時間的に変遷したありさま、あるいはそれに関する文書や記録のことをいう。主に国家や文明など人間の社会を対象とする。記述されたことを念頭に置いている。,2023-08-03 15:30:45
28,Microsoft PowerPoint は、マイクロソフトがWindows、macOS、iOSおよびAndroid向けに開発・販売しているMicrosoft Officeに含まれるプレゼンテーションソフトウェアである。,2023-08-03 15:30:45
29,AWS（Amazon Web Services）とは、アマゾンが提供するクラウドサービスの総称です。具体的なサービスとしては、仮想サーバーを提供する「Amazon Elastic Compute Cloud」（EC2）やストレージを提供する「Amazon S3」、データベースである「Amazon Aurora」などがあります。,2023-08-03 15:30:45
30,読書（どくしょ）は、本を読むこと。特に好んで読む本を愛読書、また本を読む人は読者と呼ぶ。,2023-08-03 15:30:45
31,Oracleとは、主にデータベースソフトウェアを開発・提供しているアメリカのソフトウェア企業の名称である。 あるいは、同社が販売しているリレーショナルデータベース管理システム（RDBMS）である「Oracle Database」の通称である。,2023-08-03 15:30:45
32,ITマネジメント は、企業のすべての情報技術リソースがそのニーズと優先順位に従って管理される分野である。これらのリソースには、コンピューターハードウェア、ソフトウェア、データ、ネットワーク、データセンター施設などの具体的な投資、およびそれらを維持するために雇用されたスタッフが含まれる場合がある。,2023-08-03 15:30:45
33,Microsoft SharePoint とは、マイクロソフト社が提供する、コラボレーションやドキュメント管理等を行うためのソフトウェア製品。SharePointを用いると、ユーザは共有されたワークスペースやドキュメントに対してウェブブラウザやMicrosoft Officeからアクセスできるほか、Wikiやブログなどのようなアプリケーションもホストすることができる。2001年に初版が提供開始された。,2023-08-03 15:30:45
34,正規表現 は、文字列の集合を一つの文字列で表現する方法の一つである。正則表現 とも呼ばれ、形式言語理論の分野では比較的こちらの訳語の方が使われる。まれに正則式 あるいは正規式 と呼ばれることもある。,2023-08-03 15:30:45
35,Expo（エクスポ）は、モバイルアプリケーションの開発を支援するオープンソースのフレームワークおよびプラットフォームです。主にReact Nativeをベースにしており、ネイティブアプリを簡単に開発するためのツールやサービスを提供します。,2023-08-03 15:30:45
36,SSDとは、高速ストレージの事。 高速のストレージといえばHDDがあるが、SSDはHDDのようにディスクを持たない。 そのため、データの読み書きの際に読み取り装置をディスク上で移動させる時間や、ディスク上の目的のデータがヘッド位置まで回転してくる時間が存在しないので、HDDと比較しても更に高速のストレージとなっている。,2023-08-03 15:30:45
37,Netlifyはサンフランシスコをベースとするクラウドコンピューティングの企業である。静的ウェブサイトのためのホスティングサービスとサーバーレスのバックエンドサービスを提供している。,2023-08-03 15:30:45
38,Bash(バッシュ)はUnixシェルかつコマンド言語であり、GNUプロジェクトにおけるBourne Shellのフリーソフトウェアによる代替としてブライアン・フォックスによって作成された。Bashは1989年に初めてリリースされ、ほとんどのLinuxディストリビューションのデフォルトのログインシェルとして広く普及している。Windows 10におけるWindows Subsystem for Linuxでも利用可能である。,2023-08-03 15:30:45
39,obniz（オブナイズ）は株式会社obnizによって開発された、ファームウェアレスの IoTシステムである。本稿では、obniz公式デバイスである「obniz Board」についても合わせて記述する。コンセプトは、「Make Everything Online」である。,2023-08-03 15:30:45
40,ユニバーサル・シリアル・バス は、コンピュータ等の情報機器に周辺機器を接続するためのシリアルバス規格の1つ。ユニバーサル（汎用）の名の示す通り、ホスト機器にさまざまな周辺機器を接続するためのペリフェラルバス規格であり、最初の規格となるUSB 1.0は1996年に登場した。現在のパーソナルコンピュータ周辺機器において、最も普及した汎用インターフェース規格である。,2023-08-03 15:30:45
41,「新人プログラマ応援」は、新しくプログラミングの世界に足を踏み入れたばかりの初心者のプログラマを支援するための取り組みやリソースを指す言葉です。プログラミングは、初めて学ぶ人にとっては難しいことも多く、学習の際には専門的な知識やスキルが必要です。そこで、新人プログラマ応援の目的は、初心者がスムーズに学習し、成長できるように支援することです。,2023-08-03 15:30:45
42,TensorFlow Lite は、モバイル、マイクロコントローラ、その他のエッジデバイスにモデルをデプロイするためのモバイル ライブラリです。,2023-08-03 15:30:45
43,GitHub（ギットハブ）は、ソフトウェア開発のプラットフォームであり、ソースコードをホスティングする。コードのバージョン管理システムにはGitを使用する。Ruby on RailsおよびErlangで記述されており、アメリカのカリフォルニア州サンフランシスコ市に拠点を置くGitHub社によって保守されている。主な開発者はクリス・ワンストラス、P.J.ハイエット、トム・プレストン・ワーナーである。,2023-08-03 15:30:45
44,型推論 とはプログラミング言語の機能の1つで、静的な型付けを持つ言語において、変数や関数シグネチャの型を明示的に宣言しなくても、変数宣言における初期化のための初期値や、関数呼び出しにおける実引数などといった、周辺情報および文脈などから自動的に（暗黙的に）各々の型を決定する機構のこと。言語によってはtype deductionと呼ばれることもある。,2023-08-03 15:30:45
45,RNN（Recurrent Neural Network：再帰型ニューラルネットワーク）とは、ディープニューラルネットワークのアルゴリズムの一つで、ネットワーク内部に再帰構造を持つという特徴がある。 LSTMという拡張バージョンが有名だ。 主に自然言語処理や時系列データの識別・生成で使う。,2023-08-03 15:30:45
46,ECSは、AWSが提供するマネージド型のDockerコンテナサービスです。 マネージドとは、その言葉のとおり「管理された」サービスを指します。 つまり、OSやソフトウェアなどの運用や保守はクラウドサービス提供者側で管理します。 そのため、大幅な運用コストの削減が可能です。,2023-08-03 15:30:45
47,モデル（model）とは、一般的に模型や模範を意味し、特に数学では対象となる事象の本質や仕組みを簡潔に表現する数式／理論（＝数理モデル）を意味するが、機械学習においては、学習後の具体的な計算式／計算方法を指す。「学習済みモデル（Learned model、学習モデル）」「トレーニング済みモデル（Trained model、訓練済みモデル）」とも呼ばれる。,2023-08-03 15:30:45
48,「MAMP（マンプ）」とは、MacOSまたはWindowsのコンピューターにWeb開発のローカル開発環境を構築できるソフトウェアです。 Macintosh、Apache、MySQL、PHPの4つの頭文字をつなげたものが名称となっています。,2023-08-03 15:30:45
49,Google Tag Manager（GTM）は、ウェブサイトやアプリにトラッキングコードやスクリプトを簡単に管理・配置できるGoogleのツールです。プログラミング知識不要で、マーケティングやアナリティクスのトラッキングを容易に実装できます。新しいタグの追加や変更を素早く行い、タグの管理を中央集権化し、ウェブサイトのパフォーマンスデータを収集し分析するプロセスを効率化します。,2023-08-03 15:30:45
50,QRコード（キューアールコード）は、1994年（平成6年）に日本・愛知県の自動車部品メーカーであるデンソーの開発部門（現在は分社化してデンソーウェーブ）が発明したマトリックス型二次元コードである。データ読み取りや店頭決済用コードとして世界中で多用されている。,2023-08-03 15:30:45
51,JavaScript（ジャバスクリプト）は、プログラミング言語であり、HyperText Markup Language（HTML）やCascading Style Sheets（CSS）と並ぶ　World Wide Web（WWW）の中核技術の一つである。,2023-08-03 15:30:45
52,Metabaseとは、Metabaseプロジェクトによって開発されているオープンソースソフトウェアのデータ可視化ツールです。 データ可視化ツールはダッシュボードソフトウェア・BIツールとも呼ばれています。 Metabaseで可視化したデータを分析に役立てることができます。,2023-08-03 15:30:45
53,Apache HTTP Server は、Apache License2.0の条件でリリースされるフリーでオープンソースのクロスプラットフォームのWebサーバソフトウェアである。Apache はApacheソフトウェア財団の支援のもと、開発者のオープンコミュニティによって開発・保守されている。,2023-08-03 15:30:45
54,Route 53 はDNS (ドメインネームサービス)のフルマネージドサービスです。 Amazon Route 53 で管理しているドメインを参照し、レコード(IP アドレスなど)に紐づくデータを取得することができます。,2023-08-03 15:30:45
55,REST APIとは、Webシステムを外部から利用するためのプログラムの呼び出し規約（API）の種類の一つで、「REST」（レスト）と呼ばれる設計原則に従って策定されたもの。 RESTそのものは適用範囲の広い抽象的なモデルだが、一般的にはRESTの考え方をWeb APIに適用したものをREST APIと呼んでいる。,2023-08-03 15:30:45
56,Command Line Interfaceの略。 キーボードを用いて入力を行い、文字によってコンピューターを操作するユーザーインターフェース。 グラフィカルユーザーインターフェース (GUI) の対義語として使われる。,2023-08-03 15:30:45
57,AWS SDKとはAWSのサービスをプログラムなどから操作できるようにするための開発キットです。 AWS SDKを使用することで既製のブラウザ等のWebアプリケーションを介さずに直接AWSサービスとやり取りできるアプリケーションを開発することが可能です。,2023-08-03 15:30:45
58,Android（アンドロイド）は、Googleが開発したオペレーティングシステム（OS）で、主にスマートフォンやタブレットなどのモバイルデバイスに使用されます。,2023-08-03 15:30:45
59,Gmail（ジーメール）は、Googleのフリーメールサービスである。2004年4月1日に提供を開始した。,2023-08-03 15:30:45
60,HttpClientクラス(System.Net. Http)は、C#でHTTP要求を行う場合に利用します。 他にもHTTP要求を行うためのWebClientクラスがありますが、HttpClientを使うことがMicrosoftからも推奨されています。,2023-08-03 15:30:45
61,気象データとは、気象庁が観測している地球の様子を表すデータのことです。 雨、雲、風、波など、大気や海洋で確認できる現象を、データとして取得します。 取得したデータを元に、スーパーコンピューターが解析し、未来の天気情報を予測することが可能です。,2023-08-03 15:30:45
62,分析 は、ある物事を分解して、それらを成立させている成分・要素・側面を明らかにすること。,2023-08-03 15:30:45
63,Linux（リナックス、他の読みは後述）とは、狭義にはUnix系オペレーティングシステムカーネルであるLinuxカーネルを指し、広義にはそれをカーネルとして周辺を整備したシステム全体のことをいう（GNU/Linuxも参照）。,2023-08-03 15:30:45
64,「新卒エンジニア」とは、大学や専門学校を卒業したばかりで、プロフェッショナルとしての経験が限られている若手のエンジニアを指します。新卒エンジニアは、学校で学んだ知識や基本的なスキルを基にして、実務での経験を積みながら成長していく段階です。,2023-08-03 15:30:45
65,Wine （ワイン）は、オープンソースの Windows API 実装を通じて、主としてx86アーキテクチャ上のUnix系オペレーティングシステム (POSIX準拠OS) においてWindows用アプリケーションをネイティブ動作させることを目標とするプログラム群である。,2023-08-03 15:30:45
66,Steam（スチーム）は、PCゲーム・PCソフトウェアおよびストリーミングビデオのダウンロード販売とハードウェアの通信販売、デジタル著作権管理、マルチプレイヤーゲームのサポート、ユーザーの交流補助を目的としたプラットフォーム。開発および運営は、Valve Corporationが行っている。,2023-08-03 15:30:45
67,複数のコンピュータを一組のキーボード、ディスプレイ、マウスから操作できるようにするための接続機器のこと。 キーボードなどをコンピュータの台数分用意する無駄を省くことができ、スペースや設備費用の削減につながる。 KVMはKeyboard Video (Visual unit) Mouseの略。,2023-08-03 15:30:45
68,LangChainとは、LLMを用いたアプリケーション開発を効率的に行うためのライブラリです。 機械学習分野で最も人気のあるPython言語用に提供されています。,2023-08-03 15:30:45
69,初心者向け（Beginner-Friendly）とは、特定のトピック、技術、プロダクト、またはアクティビティにおいて、初めて取り組む人や経験が浅い人に向けて配慮されたアプローチ、教材、リソース、ツールなどを指します。,2023-08-03 15:30:45
70,BootstrapはウェブサイトやWebアプリケーションを作成するフロントエンドWebアプリケーションフレームワークである。タイポグラフィ、フォーム、ボタン、ナビゲーション、その他構成要素やJavaScript用拡張などが、HTMLおよびCSSベースのデザインテンプレートとして用意されている。,2023-08-03 15:30:45
71,FORTRAN（Fortran、フォートラン）は、1954年にIBMのジョン・バッカスが考案して広く使われた、コンピュータ用で世界最初の高水準言語である。,2023-08-03 15:30:45
72,プルリクエストとは簡単に言うと、開発者のローカルリポジトリでの変更を他の開発者に通知する機能です。 プルリクエストは次のような機能を提供します。 機能追加や改修など、作業内容をレビュー・マージ担当者やその他関係者に通知します。 ソースコードの変更箇所をわかりやすく表示します。,2023-08-03 15:30:45
73,httpd(エイチティーティーピーディー)とは【Hyper Text Transfer Protocol Daemon：ハイパーテキスト・トランスファー・プロトコル・デーモン】の略称で、UNIXシステムにおいて常駐するWebサーバーのプログラムの総称です。,2023-08-03 15:30:45
74,ES2015とは2015年に公表されたECMAScriptのJavascriptの仕様のことをさします。,2023-08-03 15:30:45
75,CUDA とは、NVIDIAが開発・提供している、GPU向けの汎用並列コンピューティングプラットフォーム（並列コンピューティングアーキテクチャ）およびプログラミングモデルである。専用のC/C++コンパイラ (nvcc) やライブラリ (API) などが提供されている。なおNVIDIA製GPUにおいては、OpenCL/DirectComputeなどの類似APIコールは、すべて共通のGPGPUプラットフォームであるCUDAを経由することになる。,2023-08-03 15:30:45
76,検索とは、同種のものの集まりの中から目当てのものを探し出すこと。 IT分野では、データの集合の中から指定した条件を満たすデータを探す処理や操作を指すことが多い。,2023-08-03 15:30:45
77,AtCoder（アットコーダー）とは、「競技プログラミング」と呼ばれるコンピュータプログラムのコンテストを行うサービス、および高橋直大が代表を務めるその運営会社を指す。,2023-08-03 15:30:45
78,VMware ESXi（ヴイエムウェア・イーエスエックスアイ、主にイーエスエックスアイと通称）は、VMware が仮想コンピュータを導入して提供するために開発したエンタープライズクラスのハイパーバイザである。以前の製品名は「ESX」。,2023-08-03 15:30:45
79,S3はAWSが提供するクラウドサービスの1つです。 Amazon Simple Storage Serviceの略称で、どこからでも好きな容量のデータを保存と取得ができるオブジェクトストレージです。,2023-08-03 15:30:45
80,キャラクタユーザインタフェース 、キャラクタベースユーザインタフェース 、コンソールユーザインタフェース 、またはコマンドラインインタフェース は、キーボード等からの文字列を入力とし、文字列が表示されるウィンドウや古くはラインプリンタで印字される文字などを出力とする、ユーザインタフェースの様式である。キャラクタユーザインタフェースの語は日本語での使用が主流であり英語圏では『command line interface』が主流である。もっぱらグラフィカルユーザインタフェース (GUI) の対義語として使われる。,2023-08-03 15:30:45
81,「Aurora」は「Amazon Relational Database Service (RDS)」を使用した完全マネージド型のデータベースサービスであり、「リカバリやソフトウェアパッチ適用、モニタリング」などの各データベース管理タスクを自動で実行することができます。,2023-08-03 15:30:45
82,"デバッグ（debug）とは、プログラム内の誤り（バグ, bug）を見つけて意図した通りの動作に修正するする作業のことです。 debugは、虫を意味するバグ（bug）に接頭辞 deをつけ、除虫するという意味から、実際に機械の中に小さい虫が入り込み、それが原因でコンピュータが故障したという事例があります。",2023-08-03 15:30:45
83,特異値分解 とは線形代数学における複素数あるいは実数を成分とする行列に対する行列分解の一手法であり、Autonneによって導入された。悪条件方程式の数値解法で重宝するほか、信号処理や統計学の分野で用いられる。特異値分解は、行列に対するスペクトル定理の一般化とも考えられ、正方行列に限らず任意の形の行列を分解できる。,2023-08-03 15:30:45
84,ゲームプログラマは、企画書や仕様書に基づいてプログラミングを行い、ゲームを制作する職種です。,2023-08-03 15:30:45
85,Agora（agora io sdk）は、自社開発のスマートフォン・PCアプリやWebサイトに、カスタマイズしたビデオ・音声通話やライブ配信をかんたんに実装できるSDKです。,2023-08-03 15:30:45
86,NTPとは、「Network Time Protocol」の略語です。 NTPサーバは、あらゆる機器の時刻情報を同期するためのプロトコル（通信の手順や約束事を定めた規格）のことです。 コンピューターだけではなく、ルーター、サーバ、各種スイッチなどに正しい時刻情報を取得・配信できます。,2023-08-03 15:30:45
87,資格 とは、ある行為を行うために必要もしくは相応しいとされる地位や立場や、組織内での地位、または仕事として任務に就くために必要な条件のことである。,2023-08-03 15:30:45
88,Protocol Buffersはさまざまな構造化データを言語に非依存な形で定義し、利用するためのソフトウェア。 JavaやC++、Pythonで利用でき、定義したデータは各言語のクラスライブラリにコンパイルされるという。,2023-08-03 15:30:45
89,LVM（logical volume manager）とは、複数のハードディスクやパーティションにまたがった記憶領域をひとつのボリュームグループにまとめ、単一の論理ボリューム（LV）として扱うことのできるディスク管理機能です。 主にLinuxをはじめとしたUNIX系のOSで利用できる機能の1つです。,2023-08-03 15:30:45
90,ツールとは、プログラム作成に補助的に用いられるプログラムのことである。 なお、比較的規模の小さいプログラムをユーティリティと呼ぶが、広義ではユーティリティとほぼ同義に、目的を絞った単機能のプログラム全般を指す。,2023-08-03 15:30:45
91,Unityとはユニティ・テクノロジーズ社が開発したゲーム開発プラットフォームです。 iOSやAndroid、xboxやPlayStation4などの様々なプラットフォームでの開発に対応しています。,2023-08-03 15:30:45
92,紙。,2023-08-03 15:30:45
93,文系と理系（ぶんけいとりけい）とは、学問分野、人物、性格などの大まかな分類である。それぞれ文科系（ぶんかけい）、理科系（りかけい）とも呼ばれ、両者を合わせて文理（ぶんり）という。,2023-08-03 15:30:45
94,シスコシステムズ は、アメリカ合衆国カリフォルニア州サンノゼに本社を置く、世界最大のコンピュータネットワーク機器開発会社である。Cisco（シスコ）の略称で呼ばれることが多い。,2023-08-03 15:30:45
95,電子メール（でんしメール）あるいはEメール は、コンピュータネットワークを使用して、まるで郵便による手紙のように文章（や添付したファイルや写真データなど）のやりとりをすること、およびその技術。,2023-08-03 15:30:45
96,複数のコンテナを定義して、操作するためのツール。 例えば、コンテナ内でサーバーやDB、PG言語を定義したとき、その環境を用意してくれるのがDocker-Compose。 Docker-Composeを使うことで初めてDockerの恩恵を受けることができる。,2023-08-03 15:30:45
97,Daprは、クラウドとエッジで動作する、耐障害性のあるステートレス、またはステートフルなマイクロサービスアプリケーションの構築を容易にする、移植可能でイベント駆動型のオープンソースサーバレスランタイム。,2023-08-03 15:30:45
98,axiosとは、簡単にHTTPリクエストのやり取りができるPromiseベースのライブラリです。 非同期にHTTPメソッド(GET・POST・PUT・DELETE通信等)を取り扱えるので非常に便利です。,2023-08-03 15:30:45
99,バッチファイル とは、MS-DOS、OS/2、Windowsでのコマンドプロンプト（シェル）に実行させたい命令列をテキストファイルに記述したもの。バッチファイルを実行すると、シェルプログラム（一般にCOMMAND.COMやcmd.exe）がそのファイルを読み、その中のコマンドを（通常）一行ずつ実行する。バッチファイルはUNIX系オペレーティングシステムのシェルスクリプトに相当する。,2023-08-03 15:30:45
100,エンドツーエンド（end-to-end）とは「端から端まで」を意味する英語であり、略してE2E（イーツーイー）と呼ばれることもあります。 通信・ネットワーク分野においては、通信を行う二者を結ぶ経路全体、もしくはその両端を示します。 コンピュータネットワークの設計思想の一つに「エンドツーエンドの原則」があります。,2023-08-03 15:30:45
101,Xcode（エックスコード）は、ソフトウェアを開発するためのAppleの統合開発環境 (IDE) であり、かつてはMac OS Xに付属する形で配布されていた。Mac OS X v10.3のリリースと共に2003年10月24日に初めて紹介されたこのソフトは、NeXTの資産を受け継ぐMac OS Xの初期IDE「Project Builder」を進化させる事となった。,2023-08-03 15:30:45
102,"Node-REDは、IoT向けのノンプログラミング開発環境としてIBMにより開発されたビジュアルプログラミング環境です。 現在はオープンソースソフトウエアとして、Linux Foundationの管理下にあります。 現在、毎月約60,000回のダウンロード数があり、総ダウンロード数は1,000万を超えています。",2023-08-03 15:30:45
103,Swingは、プログラミング言語 Java のGUIツールキットである。Oracle社のJava Foundation Classesの一部であり、同じくJavaの GUI ツールキットである AWT を拡張したもの。Javaプログラムにグラフィカルユーザインタフェース(GUI)を提供するAPIである。,2023-08-03 15:30:45
104,SQLAlchemyとは、Pythonで利用されるORM(Object Relational Mapping)の1つです。 ORMは、リレーショナルデータベース(RDB)とオブジェクト指向プログラミング間の違いを吸収してくれるライブラリのことで、SQL文を書かずにデータベースを簡単に操作できます。,2023-08-03 15:30:45
105,"数学における複素数（ふくそすう、 とは、2つの実数 a, b と虚数単位 i = √−1 を用いてz = a + bi",2023-08-03 15:30:45
106,仮想通貨 とは、デジタル通貨の一種であり、規制を受けておらず、開発者により発行され、通常コントロールもされており、特定の仮想コミュニティ内で受け入れられ、使用されているものである。,2023-08-03 15:30:45
107,Athenaとは、情報の送り手と受け手の関係性が固定されておらず相互にやり取りができる処理情報サービスです。 Athenaによって、Amazon S3 内のデータを標準 データフォーマット を使用して分析することができます。 Athenaを活用することで、情報処理業務にいくつかのメリットをもたらします,2023-08-03 15:30:45
108,Raspberry Piとは、一枚の電子基板にコンピュータとして最低限必要な要素を実装したシングルボードコンピュータの一つ。 英ラズベリーパイ財団（Raspberry Pi Foundation）が設計情報を公開し、提携メーカーが実際の製品を製造・販売している。,2023-08-03 15:30:45
109,異常検知 や外れ値検知 とは、データマイニングにおいて、期待されるパターンまたはデータセット中の他のアイテムと一致しないアイテムやイベントや観測結果を識別すること。何が異常であるかを定義するのは、タスク次第ではあるものの、Varun Chandolaらは異常というのは通常の動作として明確に定義された概念に準拠しないデータパターンである定義している。各タスクに適用すると通常、異常とは銀行詐欺、クレジットカード不正利用、構造欠陥、医学的な問題、文書中の誤り検出、不審な行動検出、機械の故障検知などの問題に翻訳する。なお、異常（anomaly）は、外れ値（outlier）、珍しい物（novelty）、雑音（noise）、変動（deviation）、例外（exception）などとも呼ばれる。,2023-08-03 15:30:45
110,「XAMPP（ザンプ）」とは「Apache Friends」が開発元の、Web開発に必要なフリーソフトをまとめて扱うパッケージソフトウェアです。,2023-08-03 15:30:45
111,,2023-08-03 15:30:45
112,スマートホームとは、IoTやAIの技術を活用し、スマートフォンやAIスマートスピーカーなどの制御デバイス、テレビ、照明器具などの生活家電やエアコン、給湯器、スマートロック、インターホン、シャッター、換気システムなどの住宅設備などのデバイスを接続し、より快適な生活を実現する住宅のことで、スマートホームに対応した住宅をIoT住宅、またスマートホームに対応したマンションをIoTマンションと呼称することもある。,2023-08-03 15:30:45
113,スマートフォン は、モバイル向けオペレーティングシステムを備えた携帯電話の総称である。,2023-08-03 15:30:45
114,DAO(Data Access Object)パターンとはデータベースへのアクセスを行うクラスを作り、そのクラスを通してデータベースへアクセスするデザインパターンです。,2023-08-03 15:30:45
115,コンパイルとは、特定のプログラミング言語を用いて記述されたコンピュータープログラムを他の言語 (普通はコンピューターが実行できるバイナリ言語) を用いて記述された同じプログラムに形を変えることである。 コンパイラーはこのタスクを実行するソフトウェアです。,2023-08-03 15:30:45
116,Vim（ヴィム。「ヴィアイエム」という読み方は誤り）は、vi から派生し、発展した高機能なテキストエディタである。,2023-08-03 15:30:45
117,プログラミングにおけるスコープとは、ソースコード内の変数や関数が利用できる領域のこと。 一方でプロジェクトマネジメントにおけるスコープとは、プロジェクトで実施する作業や範囲、期限を表す言葉です。 プログラミングではスコープと呼ばれる領域内でのみ、変数の値の読み書きや、関数の呼び出しを行ないます。,2023-08-03 15:30:45
118,Azure Logic Appsは、企業や組織の間でアプリケーションやデータ、システム、サービスなどを統合する際に使用できるAzureのサービスです。 Azure Logic Appsでは、コネクタを繋いで処理フローを作成することで統合アプリケーションを作成していきます。,2023-08-03 15:30:45
119,リバースプロキシ または逆プロキシは、特定のサーバへのリクエストが必ず通過するように設置されたプロキシサーバである。一般的なプロキシとは逆で、不特定多数のクライアントのアクセスに備えて特定のサーバー専用に設けられる。クライアントに取ってはサービスの窓口として機能し、普通はクライアントがリバースプロキシを意識することはない。,2023-08-03 15:30:45
120,Autoware（オートウェア）はオープンソースの自動運転車用オペレーティング・システム。LinuxとROSをベースにしている。,2023-08-03 15:30:45
121,「おうちハック」とは、「おうちをより快適にするために、IoTガジェットや基盤を使っておうちをカスタマイズする」こと。,2023-08-03 15:30:45
122,AR（Augmented Reality）とは、仮想空間の情報やコンテンツを現実世界に重ね合わせて表示することなどにより、現実を拡張する技術や仕組みを指します。 日本語では拡張現実と呼ばれます。,2023-08-03 15:30:45
123,地理空間情報 とは、地理・空間に関係づけられた情報を指す。「地理情報」、「空間情報」もほぼ同義である。,2023-08-03 15:30:45
124,学生（がくせい、student）とは、主に学校やその他の教育機関に入学して、知識を習得し、職能を開発し、特定分野での雇用を得やすくすることを目的に学習している者である。広義における学生は、実務において基礎的または決定的になる修得すべき事柄に、集中的かつ知的に取り組んでいる者である。,2023-08-03 15:30:45
125,セールスフォース は、米国カリフォルニア州に本社を置く、顧客関係管理（CRM）ソリューションを中心としたクラウドコンピューティング・サービスの提供企業である。ビジネスアプリケーションおよびクラウドプラットフォームをインターネット経由で提供する。1999年3月に、マーク・ベニオフにより設立された。翌2000年4月に、日本法人が設立される。,2023-08-03 15:30:45
126,「新人向け」とは、特定の対象者やアクティビティに対して、初心者や未経験者向けの内容やサポートを提供することを意味します。新人向けのものは、基本的な知識やスキルから始めて、段階的に学習を進めるための資料やプログラムを指すことが多いです。,2023-08-03 15:30:45
127,コードゴルフはコンピュータプログラミング・コンテストの一種。参加者は与えられたアルゴリズムを、可能な限りもっとも短いソースコードで記述することを競う。バイナリサイズではなく、ソースコードの文字数がスコアとなる。「Perl golf」など、トーナメントで使用されるプログラミング言語の名前がつけられることもある。ショートコーディング、コードパズル等とも呼ばれる。,2023-08-03 15:30:45
128,Python（パイソン）はインタープリタ型の高水準汎用プログラミング言語である。,2023-08-03 15:30:45
129,、IT分野においては関連するソフトウェアやプログラムなどを一つにまとめたもの。,2023-08-03 15:30:45
130,OpenCV とはインテルが開発・公開したオープンソースのコンピュータビジョン向けライブラリ。2009年にWillow Garage（ウィロー・ガレージ）に開発が移管され、さらにその後Itseezにメンテナンスが移管されたが、2016年5月にインテルがItseezを買収することが発表された。,2023-08-03 15:30:45
131,ハードウェア とは、コンピュータなどのシステムにおいて、機械、装置、設備、部品といった物理的な構成要素をいう。ソフトウェアとの対比語であり、単に「ハード」とも呼ばれる。,2023-08-03 15:30:45
132,VB.NETはMicrosoft社が開発したオブジェクト指向言語です。. NET framework上での開発に用いられ、Windows関連の開発に重用されてきました。 また、学習コストの低さや導入の手軽さから比較的優秀なプログラミング言語として知られています。,2023-08-03 15:30:45
133,ARCore（エーアールコア）は、Googleが開発した拡張現実アプリケーションを構築できるソフトウェア開発キットである。,2023-08-03 15:30:45
134,TensorFlow.js は機械学習用 JavaScript ライブラリです ML モデルを JavaScript で開発し、ブラウザまたは Node.js で直接 ML を使用します。,2023-08-03 15:30:45
135,競技プログラミング とは、プログラミングコンテストで行われる競技の一種である。,2023-08-03 15:30:45
136,テストランナーとは、様々なブラウザでテストを実行し、その結果をまとめてレポートするためのツールを指します。 Karma は Node.js 上で動作するテストランナーです。,2023-08-03 15:30:45
137,バイナリ、バイナリー（Binary）とは、算術的な用法では二進法のことであるが、情報技術においては、コンピュータが直接的に処理するために２進数で表現されるデータ（バイナリデータ）のことを指して用いられる。,2023-08-03 15:30:45
138,「闘魂」は、日本語で使われる表現で、「fighting spirit（闘志や闘争心）」と訳されることがあります。この言葉は、困難な状況や挑戦に対して強い意志や情熱を持ち、一生懸命努力する姿勢や気持ちを表現する言葉です。,2023-08-03 15:30:45
139,Thunderboltとは、Intelが開発した、高速データ転送技術の名称である。開発コード名は「Light Peak」だった。 Thunderboltはケーブル1本でデータ転送とフルHD映像の入出力が可能であり、外部ストレージやディスプレイをはじめ様々な機器を接続することができる。データ転送速度は最大10Gbpsと、USB 2.0の約20倍、FireWire 800の約12倍の速度を実現している。PCからThunderboltを通じて周辺機器へ10ワットの電力供給を行うこともできる。,2023-08-03 15:30:45
140,OSS（オープンソースソフトウェア（Open Source Software））とは、ソースコードが公開されており、無償で誰でも自由に改変、再配布が可能なソフトウェアのことです。 OSSは特定の企業でなく、有志によって組織されたコミュニティなどで開発されていることが多く、開発にはプログラマが参加しています。,2023-08-03 15:30:45
141,Firebase Cloud Functions（ファイアベース クラウド ファンクションズ）は、Googleが提供するサーバーレスなバックエンドプラットフォームで、Firebaseプロジェクト内でJavaScriptまたはTypeScriptを使用して実行されるサーバーレス関数を作成できる機能です。,2023-08-03 15:30:45
142,タブローソフトウェア は、BI（ビジネスインテリジェンス）に特化したインタラクティブなデータの視覚化ツールを提供しているソフトウェア会社。CEOは、Mark Nelson。本社はアメリカ合衆国ワシントン州シアトルにある。日本法人は、東京都千代田区丸の内1-1-3日本生命丸の内ガーデンタワー に本社がある。株式会社セールスフォース・ジャパンに買収されたため、セールスフォースのTableau事業部となっている。,2023-08-03 15:30:45
143,ジェネリクスとは、プログラミング言語の機能・仕様の一つで、同じコードで様々な異なるデータ型のデータを処理できるようにする仕組み。 C++言語などでは、ほぼ同様の機能を「テンプレート」（template）という。,2023-08-03 15:30:45
144,LINE Bot（ラインボット）は、LINEメッセージングアプリ内で動作する自動応答型のボットアプリです。ユーザーとリアルタイムでチャットし、テキストメッセージや画像、音声、スタンプなどを通じて対話できます。企業や個人がLINE Botを活用して、カスタマーサポート、情報提供、エンターテイメント、予約受付などの様々な目的で利用されています。LINE BotはAPIを通じて開発され、特定のイベントやキーワードに対して自動的に返答することが可能です。,2023-08-03 15:30:45
145,Docker（ドッカー）は、コンテナ仮想化を用いてアプリケーションを開発・配置・実行するためのオープンプラットフォームである。,2023-08-03 15:30:45
146,『ISUCON（イスコン）』とは『Iikanjini Speed Up Contest（いい感じに スピードアップ コンテスト）』を略したイベント名。,2023-08-03 15:30:45
147,Git（ギット）は、プログラムのソースコードなどの変更履歴を記録・追跡するための分散型バージョン管理システムである。Linuxカーネルのソースコード管理に用いるためにリーナス・トーバルズによって開発され、それ以降ほかの多くのプロジェクトで採用されている。Linuxカーネルのような巨大プロジェクトにも対応できるように、動作速度に重点が置かれている。現在のメンテナは濱野純 で、2005年7月から担当している。,2023-08-03 15:30:45
148,ビルドとは、組み立てる、建てる、築く、作り上げる、などの意味を持つ英単語。 ソフトウェアの分野では、プログラミング言語で書かれたソースコードなどを元に実行可能ファイルや配布パッケージを作成する処理や操作のこと。 また、組み立てられた実行ファイルなどの特定の版を指す場合もある。,2023-08-03 15:30:45
149,Heroku（ヘロク）は2007年創業のアメリカ合衆国の企業。また、同社が開発と運営を行っているPaaS の名称でもある。2010年にはセールスフォース・ドットコムに買収された。,2023-08-03 15:30:45
150,Kubernetes（クバネティス/クバネテス/クーべネティス、K8sと略記される）は、コンテナ化したアプリケーションのデプロイ、スケーリング、および管理を行うための、オープンソースのコンテナオーケストレーションシステムである。元々Googleが設計したシステムであるが、現在はCloud Native Computing Foundationがメンテナンスを行っている。Kubernetesの目的は、「ホストのクラスターを横断してアプリケーションコンテナを自動デプロイ、スケーリング、操作するためのプラットフォーム」を提供することとされている。Google自身が提供するGoogle Kubernetes Engineをはじめ、多数のパブリッククラウドサービスプロバイダがKubernetesベースのPaaSやIaaSを提供しており、プラットフォーム提供サービスとしてKubernetesをデプロイすることができる。また、多くのソフトウェアベンダーも、ブランド化したKubernetesディストリビューションを提供している。,2023-08-03 15:30:45
151,レコメンダシステム は、情報フィルタリング (IF) 技法の一種で、特定ユーザーが興味を持つと思われる情報（映画、音楽、本、ニュース、画像、ウェブページなど）、すなわち「おすすめ」を提示するものである。通常のレコメンダシステムは、ユーザーのプロファイルを何らかのデータ収集基準と比較検討し、ユーザーが個々のアイテムにつけるであろう評価を予測する。基準は情報アイテム側から形成する場合（コンテンツベースの手法）とユーザーの社会環境から形成する場合（協調フィルタリングの手法）がある。,2023-08-03 15:30:45
152,転移学習 は、ある問題を解決する際に得た知識を蓄積し、関連する別の問題にそれを適用することに焦点を当てた機械学習の研究領域である。たとえば、乗用車を認識するために得た知識は、トラックを認識するためにも応用できるかもしれない。この研究領域は、学習転移に関する長い歴史を持つ心理学の文献と何かの関係をもつが、2つの分野の実用的な結びつきは限定的である。実用的な面では、過去に学習した仕事の情報を新たな仕事の学習のために再利用または転送することで、強化学習手段のサンプル効率を大幅に改善することができる可能性がある。,2023-08-03 15:30:45
153,Chakra UI（チャクラ ユーアイ）は、Reactアプリケーションのためのオープンソースのユーザーインターフェース（UI）コンポーネントライブラリです。Chakra UIは、モダンなデザインと使いやすさを重視して設計されており、簡単にカスタマイズ可能なUIコンポーネントを提供します。,2023-08-03 15:30:45
154,Prometheus（プロメテウス）とは、サーバのアクセス状況などシステムの動的な負荷を管理するOSS（オープンソースソフトウェア）のシステムである。 Prometheusは、サーバのリソースの使用状況など各種メトリックを収集して、システム全体にかかる負担を監視する。,2023-08-03 15:30:45
155,データ解析 は、データ分析（データぶんせき）とも呼ばれ、有用な情報を発見し、結論を報告し、意思決定を支援することを目的として、データを検査し、クリーニングや変換を経て、モデル化する一連のプロセスである。データ解析には多数の側面とアプローチがあり、色々な名称のもとで多様な手法を包含し、ビジネス、科学、社会科学のさまざまな領域で用いられている。今日のビジネス界において、データ解析は、より科学的な意思決定を行い、ビジネスの効率的な運営に貢献する役割を担っている。,2023-08-03 15:30:45
156,プログラミング言語における無名関数 とは、名前付けされずに定義された関数のことである。無名関数を表現するための方法には様々なものがあるが、近年主流となっているのはラムダ式による記法である。無名関数を表現するリテラル式は、関数リテラル とも呼ばれる。値がある場合は関数オブジェクトであるものが多い。,2023-08-03 15:30:45
157,RFCとは、インターネット関連技術の標準化団体であるIETF（Internet Engineering Task Force）によって発行される提案書のシリーズのことである。 RFCには、インターネットにおける主要な技術仕様の多くが文書化されて公表されている。RFCは提案の形で示されるが、事実上、インターネット関連技術の標準仕様として扱われている。,2023-08-03 15:30:45
158,pandasは、プログラミング言語Pythonにおいて、データ解析を支援する機能を提供するライブラリである。特に、数表および時系列データを操作するためのデータ構造と演算を提供する。PandasはBSDライセンスのもとで提供されている。,2023-08-03 15:30:45
159,Promise は、ある 関数 が返す、呼び出された時点でまだ完了していない処理の結果をあらわす オブジェクト です。 その名のとおり、関数が Promise オブジェクトを経由して、最終的に何らかの結果を返すことを約束(Promise は約束の意味)するわけです。,2023-08-03 15:30:45
160,Scala はオブジェクト指向言語と関数型言語の特徴を統合したマルチパラダイムのプログラミング言語である。名前の「Scala」は英語の「scalable language」に由来するものである。,2023-08-03 15:30:45
161,IT分野では機器を通信ネットワークで結ぶことを指す。,2023-08-03 15:30:45
162,テストとは、システムの不具合(欠陥、瑕疵、バグ)を無くす為に行われる、動作確認のことです。 テスト自体をつまらないと思う人が多いですが、テストは非常に大事な部分になります。 テストの段階で不具合が無くせないと、本番運用時に顧客データの破損やシステム障害を招き、莫大な損失を被ることになります。,2023-08-03 15:30:45
163,NATとは Network Address Translationの略。 「ネットワークアドレス変換」ともいう。 LANに接続された端末からインターネットに接続する際に、「プライベートIPアドレス」を自動的に外部ネットワークで使用できる「グローバルIPアドレス」に変換する機能。,2023-08-03 15:30:45
164,discord.jsは、Discord（ディスコード）と呼ばれるプラットフォーム向けのJavaScriptライブラリです。Discordは、オンラインコミュニケーションやゲームのプレイなどを目的としたテキスト、音声、ビデオのコミュニケーションプラットフォームです。,2023-08-03 15:30:45
165,42（フォーティーツー）は、フランス発のエンジニア養成機関。,2023-08-03 15:30:45
166,制御工学 とは、入力および出力を持つシステムにおいて、その（状態変数ないし）出力を自由に制御する方法全般にかかわる学問分野を指す。主にフィードバック制御を対象にした工学である。,2023-08-03 15:30:45
167,Vue.js（ヴュー・ジェイエス）またはVueは、Webアプリケーションにおけるユーザーインターフェイスを構築するための、オープンソースのJavaScriptフレームワークである。他のJavaScriptライブラリを使用するプロジェクトへの導入において、容易になるように設計されている。一方で高機能なシングルページアプリケーション（SPA）を構築することも可能である。,2023-08-03 15:30:45
168,Microsoft Azure（アジュール）とは、マイクロソフト社が提供するパブリッククラウドのプラットフォームです。 膨大なサーバーが設置された世界55拠点に展開しているデータセンター、強力なWANバックボーンを持っています。 この設備をクラウドプラットフォームとしてユーザーにサービス提供しています,2023-08-03 15:30:45
169,MeCabはオープンソースの形態素解析エンジンで、奈良先端科学技術大学院大学出身、現GoogleソフトウェアエンジニアでGoogle 日本語入力開発者の一人である工藤拓によって開発されている。名称は開発者の好物「和布蕪（めかぶ）」から取られた。,2023-08-03 15:30:45
170,証明書とは、IT用語で、ネットワーク通信上で、対象を正しく特定・認証するための電子証明書のことです。 WEBサイト運営者の身元を認証する「サーバ証明書」、端末の認証やアクセス制御を行う「デバイス証明書」、ユーザーの認証を行う「ユーザー証明書」などが一般的で、信頼性を保証する認証局から発行されています。,2023-08-03 15:30:45
171,Instagram は、Meta が所有する写真・動画共有ソーシャル・ネットワーキング・サービス（SNS）である。,2023-08-03 15:30:45
172,JavaScript Object Notation（JSON、ジェイソン）はデータ記述言語の1つである。軽量なテキストベースのデータ交換用フォーマットでありプログラミング言語を問わず利用できる。名称と構文はJavaScriptにおけるオブジェクトの表記法に由来する。,2023-08-03 15:30:45
173,Flutter（フラッター）は、Googleによって開発されたフリーかつオープンソースのUIのSDKである。単一のコードベースから、Android、iOS、Linux、macOS、Windows、Google Fuchsia向けのクロスプラットフォームアプリケーションを開発するために利用される。,2023-08-03 15:30:45
174,for文（フォーぶん）はプログラミング言語において条件が真の間だけ与えられた文の実行を繰り返すというループを記述するための文である。forループは、whileループと違って、ループに入る前の初期化（通常カウンタ変数の初期化を行なう）を含む点で異なる。,2023-08-03 15:30:45
175,クラスタリングとは、同じ構成の複数のコンピュータを相互接続し、外部に対して全体で一台のコンピュータであるかのように振る舞わせること。そのように連結されたコンピュータ群をクラスタシステムあるいはコンピュータクラスタという。,2023-08-03 15:30:45
176,シェルスクリプトとは、OS（オペレーティングシステム）を操作するためのシェル上で実行できる簡易なプログラミング言語（スクリプト言語）。 また、そのような言語によって書かれた、複数のOSコマンドや制御文などを組み合わせた簡易なプログラム。 一般的にはLinuxなどUNIX系OSのシェルで実行できるものを指す。,2023-08-03 15:30:45
177,Microsoft Windows は、マイクロソフトが開発・販売するオペレーティングシステム (OS) の製品群である。グラフィカルユーザインタフェース (GUI) を採用している。Windows発売以前では高価なワークステーション（ハイエンドパソコンを上回る性能のデスクトップコンピュータ）でしか実現されていなかったマルチタスクやGUIを中心とした使い勝手の良さを、一般消費者が入手しやすい標準的な規格のパソコンに順次取り込んで行き、一般向けOSのシェアのほとんどを占めるに至り、今や大きな知名度を持つ。,2023-08-03 15:30:45
178,ITの分野では、コンピュータなどの機器やソフトウェア、システムなどの処理性能や実行速度、通信回線・ネットワークなどの伝送速度・容量などのことを指すことが多い。,2023-08-03 15:30:45
179,プログラムとは、予定（表）、計画（表）、課程、式次第などの意味を持つ英単語。ITの分野では、コンピュータに行わせる処理を記述したコンピュータプログラムのことを略して単にプログラムということが多い。,2023-08-03 15:30:45
180,Cはプログラムを記述するためのプログラミング言語の1つです。 C言語とも呼ばれます。 コンピュータが普及した現在では、さまざまなプログラミング言語が利用されていますが、Cはその中でも歴史が古く、広い分野で使われているプログラミング言語です。,2023-08-03 15:30:45
181,Azure Logic Apps とは、マイクロソフトが提供している、Azure 上で利用可能なノーコード／ローコードサービスです。企業や組織の間でさまざまなアプリケーション、システム、データ、サービスを、コネクタとして接続・統合してワークフローを作成することで、簡単に統合的なノーコード／ローコードアプリケーションの開発が可能となります。,2023-08-03 15:30:45
182,コンテンツデリバリネットワーク とは、ウェブコンテンツをインターネット経由で配信するために最適化されたネットワークのことである。コンテンツ配信網とも呼ばれる。,2023-08-03 15:30:45
183,ライブラリ は、汎用性の高い複数のプログラムを再利用可能な形でひとまとまりにしたものである。ライブラリと呼ぶときは、それ単体ではプログラムとして動作させることはできない、つまり実行ファイルではない場合がある。ライブラリは他のプログラムに何らかの機能を提供するコードの集まりと言える。ソースコードの場合と、オブジェクトコード、あるいは専用の形式を用いる場合とがある。たとえば、UNIXのライブラリはオブジェクトコードをarと呼ばれるアーカイブツール（アーカイバ）でひとまとめにして利用する。図書館 と同様にプログラム（算譜）の書庫であるので、索引方法が重要である。,2023-08-03 15:30:45
184,APIとは Application Programming Interfaceの略。 ソフトウェアからOSの機能を利用するための仕様またはインターフェースの総称で、アプリケーションの開発を容易にするためのソフトウェア資源のことをいう。,2023-08-03 15:30:45
185,Azureは、Microsoft社が提供するクラウドサービスです。 IaaSやPaaSといったITインフラ、プラットフォームをクラウド上で提供しています。 仮想マシンや機械学習ツールなどのサービスが提供されており、様々なサービスをインターネット経由で利用できます。,2023-08-03 15:30:45
186,CKA試験は、コマンドラインからKubernetes上の複数のタスクを解決する必要がある、オンライン監督付きパフォーマンスベースのテストです。 これは、クラウドネイティブ/DevOpsの分野で取得できる最も実践的な認定資格の1つです。 試験は約20の質問で構成されており、2時間以内に解く必要があります。,2023-08-03 15:30:45
187,Power Automate Desktopは、Power Automateの既存のRPA機能を拡張したものです。,2023-08-03 15:30:45
188,Google Colaboratory（通称Colab）は、Googleが提供するクラウドベースの環境で、Pythonプログラムを実行し、データの分析や機械学習モデルの構築などを行うためのプラットフォームです。,2023-08-03 15:30:45
189,データベース管理システム は、コンピュータのデータベースを構築するために必要なデータベース運用、管理のためのシステム、およびそのソフトウェアのことである。データベースマネジメントシステムとも呼ばれる。,2023-08-03 15:30:45
190,哲学 とは、原義的には「愛知」を意味する学問分野、または活動 である。現代英語のフィロソフィー（philosophy）は「哲学」・「哲学専攻コース」・「哲学説」・「人生［世界］観」・「達観」・「あきらめ」などを意味する。「愛知としての哲学」は知識欲に根ざす根源的活動の一つだが、19世紀以降は自然科学が急発展して哲学から独立し、哲学は主に美学・倫理学・認識論という三つで形作られるようになった。哲学に従事する人物は哲学者 と呼ばれる。,2023-08-03 15:30:45
191,引数（ひきすう）、パラメータ（ー）（英語:parameter）は、数学における関数やコンピュータプログラムにおける手続きにおいて、その外部と値をやりとりするための特別な変数、あるいはその変数の値のことである。,2023-08-03 15:30:45
192,ITインフラストラクチャとは、IT環境の運用と管理を行う上で必要になるコンポーネントのことです。 コンポーネントの構成要素として、ITサービスの開発やテスト、監視、制御に加えて、これらを運用する上で必要になるハードウェアやソフトウェアなども含まれます。,2023-08-03 15:30:45
193,Google Apps Script（GAS）は、Googleが提供するアプリケーション開発プラットフォームです。 GASを使うと、HTMLやJavaScriptのような身近なWeb言語を用いて、GmailやGoogleスプレッドシートを始めとしたGoogleサービスを自動化することが可能です。,2023-08-03 15:30:45
194,データ構造 とは、コンピュータプログラミングでの、データの集まりの形式化された構成である。格納された各データの参照や修正といった管理を容易にするための構成である。一定の関係性を持たせたデータ型のコレクションであり、データ値に適用するための関数や手続きも格納されることがある。データの代数的構造とも言われる。,2023-08-03 15:30:45
195,Angular CLIは、Angularアプリケーションの初期化、開発、スキャフォールド、およびメンテナンスに使用するコマンドラインインターフェースツールです。 このツールはコマンドシェルで直接使用できます。,2023-08-03 15:30:45
196,Cygwin（シグウィン）は、Windows OS上にUNIXライクな環境を提供する互換レイヤーで、フリーソフトウェアである。WindowsでUNIXのソフトウェア資産を活かすことが可能となる。,2023-08-03 15:30:45
197,ES2015(ES6)とは2015年6月に発行された、ECMASCriptの6th Editionです。 ES2015(ES6)から多くの機能や構文が追加され、JavaScriptでのプログラムがより効率よく書きやすくなりました。,2023-08-03 15:30:45
198,UiPath FriendsはUiPath ユーザー有志によって運営される非営利の公式ユーザーコミュニティです。,2023-08-03 15:30:45
199,コスト削減は、個人、家庭、ビジネス、組織などが費用を減らすために取る手段や戦略を指します。コスト削減は、効率化、予算管理、資源最適化などを通じて、支出を削減し経済的な利益を追求することを目指します。以下にいくつかの一般的なコスト削減戦略を紹介します。,2023-08-03 15:30:45
200,IT研修とはインターネットの操作方法や知識を学ぶための研修で、基本的なExcel、WordなどOfficeの操作方法から始まり、必要に応じてプログラミング言語などについて学びます。 また、コンプライアンス上の視点からITリテラシー、セキュリティについても学びます。,2023-08-03 15:30:45
201,NET Frameworkにおけるプログラムの実装の単位。. NET Frameworkでは、このアセンブリを単位としてバージョン管理が行われる。 アセンブリは機能の集合を定義しており、単独のファイルで構成される場合もあれば、複数のファイルが1つのアセンブリを構成する場合もある。,2023-08-03 15:30:45
202,ジオメトリとは、幾何学、形状、などの意味を持つ英単語。 コンピュータグラフィックスにおける描画対象の形状や、形状を定義づける頂点の座標や線分、面などの図形を表す式の係数といったデータの組み合わせを意味することが多い。,2023-08-03 15:30:45
203,Node.js（ノード・ジェイエス） はV8 JavaScriptエンジン上に構築されたJavaScript実行環境の1つである。イベント化された入出力を扱うサーバサイドJavaScript環境であり、Webサーバなどのスケーラブルなネットワークプログラムの記述を意図している。ライアン・ダールによって2009年に作成され、ダールを雇用しているJoyentの支援により成長している,2023-08-03 15:30:45
204,。,2023-08-03 15:30:45
205,物理学（ぶつりがく、 は、自然科学の一物理学（ぶつりがく、 は、自然科学の一分野である。,2023-08-03 15:30:45
206,国際ソフトウェアテスト資格認定委員会 は、ブリュッセルに拠点を置き非営利団体として活動する、ソフトウェアテスト技術者の国際的な資格認定団体。,2023-08-03 15:30:45
207,並列計算 は、コンピュータにおいて特定の処理をいくつかの独立した小さな処理に細分化し、複数の処理装置（プロセッサ）上でそれぞれの処理を同時に実行させることである。並列コンピューティングや並列処理ともいう。,2023-08-03 15:30:45
208,Volatility財団が提供するフリーソフトウェアのメモリ・フォレンジックツールです。 揮発性メモリ（RAM）からデジタルアーティファクトを抽出しメモリを解析するための様々な機能を兼ね備えたフレームワークであり、フォレンジックやインシデントレスポンス等に広く用いられています。,2023-08-03 15:30:45
209,Knative (読み：ケイネイティブ) は、サーバーレスのクラウドネイティブ・アプリケーションをデプロイ、実行、管理するためのコンポーネントを Kubernetes に追加するオープンソース・コミュニティ・プロジェクトです。,2023-08-03 15:30:45
210,AWS CodeCommit は、クラウド内のアセット(ドキュメント、ソースコード、バイナリファイルなど) を非公開で保存および管理するために使用できるアマゾン ウェブ サービスによってホストされるバージョン管理サービスです。,2023-08-03 15:30:45
211,Chrome拡張とは、Googleが提供するWebブラウザ「Google Chrome」に追加できる拡張機能のことである。 Chrome拡張では、HTML、CSS、JavaScriptといったWeb標準の技術を主に用いて、比較的手軽に拡張機能を開発できる。,2023-08-03 15:30:45
212,ChatGPT Serverless Framework（サーバーレスフレームワーク）は、クラウドコンピューティング環境でのアプリケーションの開発・デプロイメントを簡素化するためのツールです。サーバーレスアーキテクチャを採用することで、従来のサーバーの管理やスケーリングに関連する複雑さを排除し、開発者はコードの記述に集中できるようになります。,2023-08-03 15:30:45
213,Azure Functions は、記述するコードと管理するインフラストラクチャを減らし、コストを節約できるサーバーレス ソリューションです。 クラウド インフラストラクチャによって、アプリケーションの実行を維持するために必要な最新のリソースがすべて提供されるので、サーバーのデプロイや管理について心配する必要はありません。,2023-08-03 15:30:45
214,IT用語としては、2011年に米国で設立されたオンライン決済システムの提供企業、および同企業の提供する決済サービスを指す場合が多い。,2023-08-03 15:30:45
215,PHP: Hypertext Preprocessor（ピー・エイチ・ピー ハイパーテキスト プリプロセッサー）とは、動的にHTMLデータを生成することによって、動的なウェブページを実現することを主な目的としたプログラミング言語、およびその言語処理系である。,2023-08-03 15:30:45
216,"可視化とは、人間が直接「見る」ことのできない現象・事象・関係性を「見る」ことのできるもの（画像・グラフ・図・表など）にすることをいう。視覚化・可視化情報化・視覚情報化ということもある。英語の ""visualization"", ""visualize"" に相当し、そのままビジュアリゼーション・ビジュアライゼーションと称されることもある。流れの可視化のように分野や領域に結びついて生まれた呼称も多い。",2023-08-03 15:30:45
217,仕組み AWS IoT Greengrass は、オープンソースのエッジランタイムであり、デバイスソフトウェアを構築、デプロイ、管理するためのクラウドサービスです。 IoT デバイスのサイズは、マイクロコントローラーベースの小型デバイスから大型アプライアンスまでさまざまです。,2023-08-03 15:30:45
218,railsとはプログラミング言語のRubyのフレームワークである「Ruby on Rails」のことを指します。 Ruby on RailsはWebアプリケーションを効率的に開発するフレームワークとしてSNSやECサイトの開発など幅広く活用されています。,2023-08-03 15:30:45
219,セキュリティ危険や脅威から解放された状態。この抽象的な概念から下のようなさまざまな、より具体的な概念が派生している。,2023-08-03 15:30:45
220,Jenkins はフリーでオープンソースの自動化サーバである。ソフトウェア開発のビルド 、 テスト 、およびデプロイに関連する部分の自動化を支援し、継続的インテグレーションと継続的デリバリーを促進する。Apache Tomcatなどのサーブレットコンテナで動作するサーバベースのシステムである。AccuRev、CVS、Subversion、Git 、Mercurial、Perforce 、ClearCase、RTCなどのバージョン管理ツールをサポートしており、Apache Ant、Apache Maven 、およびsbtベースのプロジェクトのほか、任意のシェルスクリプトやWindowsのバッチコマンドを実行することができる。Jenkinsの生みの親は川口耕介である。JenkinsはMITライセンスでリリースされている。,2023-08-03 15:30:45
221,ServiceWorker とは、ブラウザが Web ページとは別にバックグラウンドで実行するJavaScript環境のことです。 ページ内のコンテンツをブラウザ側にキャッシュしてオフライン状態でも利用することができます。,2023-08-03 15:30:45
222,基本的な数学内容を再学習すること。算術、代数、幾何学などの概念と問題解決能力を強化し、理解を深める。,2023-08-03 15:30:45
223,ResNetは、Microsoft Research(現Facebook AI Research)のKaiming He氏が2015年に考案したニューラルネットワークのモデルである。,2023-08-03 15:30:45
224,TypeScript はマイクロソフトによって開発され、メンテナンスされているフリーでオープンソースのプログラミング言語である。TypeScriptはJavaScriptに対して、省略も可能な静的型付けとクラスベースオブジェクト指向を加えた厳密なスーパーセット（既存のものを全て含んだ上でより機能が拡張されている上位互換となるモノ）となっている。C#のリードアーキテクトであり、DelphiとTurbo Pascalの開発者でもあるアンダース・ヘルスバーグがTypeScriptの開発に関わっている。TypeScriptはクライアントサイド、あるいはサーバサイド (Node.js) で実行されるJavaScriptアプリケーションの開発に利用できる。,2023-08-03 15:30:45
225,チーム開発とは、複数の開発メンバーが一つのシステムや同じ機能の開発に取り組むことです。,2023-08-03 15:30:45
226,AWS Certificate Manager (ACM) は、 ウェブサイトやアプリケーションを保護するパブリックおよびプライベート SSL/TLS X.509 証明書およびキーの作成、保存、更新に伴うAWS複雑さに対処します。統合 AWS サービスの証明書は、ACM で直接発行するか、サードパーティーの証明書を ACM 管理システムにインポートすることで提供できます。ACM 証明書は、単一のドメイン名、複数の特定のドメイン名、ワイルドカードドメイン、またはこれらの組み合わせを保護できます。ACM ワイルドカード 証明書は、無制限の数のサブドメインを保護できます。また、内部 PKI の任意の場所で使用するために、AWS Private CA によって署名された ACM 証明書をエクスポートすることもできます。,2023-08-03 15:30:45
227,Infrastructure as Code（IaC） はコンピューティング・インフラ（プロセス、ベアメタルサーバー、仮想サーバーなど）の構成管理・機械処理可能な定義ファイルの設定・プロビジョニングを自動化するプロセスである。定義されたファイルはバージョン管理システムで保持することもある。従来、手動のプロセスではなくスクリプトや宣言的な定義によって行われていたが、IaCの開発は今では、宣言的なアプローチに焦点が当てられている。,2023-08-03 15:30:45
228,MinIO（本社：米カリフォルニア州）は、クラウドストレージサービスであるAmazon S3と互換性のあるオブジェクトストレージのサービスを提供する企業だ。 Amazon S3はAWS環境で利用できるストレージだが、MinIOは環境に依存することなくAWS SDKやAWS CLIを通じて操作できる。,2023-08-03 15:30:45
229,Ubuntu はDebian GNU/Linuxを母体としたオペレーティングシステム（OS）である。Linuxディストリビューションの1つであり、フリーソフトウェアとして提供されている。概念はディストリビューションも参照。カノニカルから支援を受けて開発されている。開発目標は「誰にでも使いやすい最新かつ安定したOS」を提供することである。,2023-08-03 15:30:45
230,Eclipseとは、アメリカのIBM社が開発したオープンソースの統合開発環境（IDE）のことです。 総合開発環境とは、開発に必要な便利なツールを統合した環境のことをいいます。,2023-08-03 15:30:45
231,Kinesis（キネシス）は、主にキーボードなどを製造、販売している米国の企業。下記のような人間工学に基づいて設計された製品を販売している。,2023-08-03 15:30:45
232,Laravel は、MVCのWebアプリケーション開発用の無料・オープンソースのPHPで書かれたWebアプリケーションフレームワークである。様々なコミュニティのコンポーネントを使用しており、特にSymfonyは9つのコンポートを利用するなど重要な基盤となっている。LaravelはMITライセンスの下でリリースされており、そのソースコードはGitHubにホスティングされている。マイクロソフトの.NETの開発に関わっていたTaylor Otwell が開発し、Taylorを中心としたコミュニティーが活発な開発を続けている。,2023-08-03 15:30:45
233,. mp4とは、MPEG4形式で圧縮された動画ファイルに付く拡張子のことである。 国際標準化機構（ISO）の下部組織であるMPEG（Motion Picture Experts Group）により制定された。,2023-08-03 15:30:45
234,Rとは統計解析を目的としたプログラミング言語であり、R言語と呼ばれることもあります。 オープンソースソフトウェアであるため、誰もが無料で利用することができます。 Rは統計に関するパッケージが豊富に存在しており、データ分析やグラフの作成も容易に実行することができます。,2023-08-03 15:30:45
235,用語集 は、ドメイン知識に特化したアルファベット順の学術用語の一覧であり、用語の定義も掲載される。,2023-08-03 15:30:45
236,「未経験」とは、特定の領域や分野に対して、以前にその経験を持っていない状態を指します。,2023-08-03 15:30:45
237,用語 とは、書いたり話したりするときに用いられる語や句。,2023-08-03 15:30:45
238,特定の分野で特に使われる語句。専門用語、学術用語とほぼ同義。本項目で解説。,2023-08-03 15:30:45
239,Google Driveとは、Googleが提供するオンラインストレージサービス。,2023-08-03 15:30:45
240,Windows 10 は、マイクロソフトが開発およびリリースしている、Windowsシリーズに属するWindows NT系のパーソナルコンピュータおよび8インチ以上のタブレット用のオペレーティングシステム (OS) である。バージョンやエディションによってサポート期間が異なるので注意が必要である。バージョン1507・1511のコードネームは「Threshold（スレッショルド）」、バージョン1607から1809までのコードネームは「Redstone（レッドストーン）」、バージョン1903からのコードネームは「19H1」「19H2」など。,2023-08-03 15:30:45
241,プッシュ通知とは、システム側が外部のサーバーと連携して能動的に情報を取得してユーザーに通知する方式のことである。 プッシュ通知を利用すれば、何らかの情報更新があった場合には、ユーザーが働きかけなくても更新されたことを知ることができる。 これによってよりリアルタイムな情報の受け取りが可能となる。,2023-08-03 15:30:45
242,フレームワークとは、「枠組み」「骨組み」「構造」を意味する言葉で、システム開発をする際の土台となる部分であり、システム開発の効率を上げるために用意されたものです。,2023-08-03 15:30:45
243,静的サイト ジェネレーター(SSG) は、テキスト入力ファイル ( Markdown、reStructuredText、AsciiDocなど) を使用して静的 Web ページを生成するエンジンです。,2023-08-03 15:30:45
244,AIとは、Artificial Intelligence（人工知能）の略です。 コンピュータがデータを分析し、推論（知識を基に、新しい結論を得ること）や判断、最適化提案、課題定義や解決、学習（情報から将来使えそうな知識を見つけること）などを行う、人間の知的能力を模倣する技術を意味します。,2023-08-03 15:30:45
245,JUnitとはJavaで開発されたプログラムにおいてユニットテスト（単体テスト）の自動化を行うためのフレームワークである。,2023-08-03 15:30:45
246,exceptionは、i-saintが制作したサイドビューシューティングゲーム。PC用インディーゲーム(同人ゲーム)として制作され、後にサクセスが業務用ソフトとしての移植を発表しロケーションテストが行われ、2011年よりNESiCAxLive配信専用ソフトとして稼働している。派生作品として、システムを流用した「exception conflict」が存在する。,2023-08-03 15:30:45
247,じゃんけん は、3種類の指の出し方（グー・パー・チョキ）でいわゆる三すくみの関係を構成し、その強弱関係により勝敗を決める日本の遊戯である。,2023-08-03 15:30:45
248,｢深層学習」の意味。 コンピューターが自律して学習する機械学習の手法で、AI（人工知能）の要素技術の1つ。 データを分析するうちに判断基準そのものを自分で作成し、それに基づいてさらに学習を繰り返す。 従来の機械学習などではできなかった複雑なデータ処理を行うことも可能である。,2023-08-03 15:30:45
249,WireGuard は、Linux カーネルで実行する高パフォーマンスの VPN ソリューションです。 最新の暗号を使用し、他の多くの VPN ソリューションよりも簡単に設定できます。 さらに、WireGuard のコードベースが小さくなり、攻撃の影響が減るため、セキュリティーが向上します。,2023-08-03 15:30:45
250,Headless CMS（ヘッドレスコンテンツ管理システム）は、コンテンツを作成・管理し、APIを通じて任意のフロントエンドで表示できるシステム。デザインとコンテンツの切り離しを可能にし、柔軟で一貫性のあるコンテンツ配信を実現する。,2023-08-03 15:30:45
251,Kotlin（コトリン）は、ジェットブレインズのアンドリー・ブレスラフ、ドミトリー・ジェメロフが開発した、静的型付けのオブジェクト指向プログラミング言語である。,2023-08-03 15:30:45
252,気象庁 は、日本の行政機関のひとつ。気象業務の健全な発達を図ることを任務とする国土交通省の外局である。,2023-08-03 15:30:45
253,アプリケーションソフトウェア あるいはアプリケーションソフト は、ある特定の機能や目的のために開発・使用されるソフトウェアで、コンピュータの操作自体のためのものではないもの。たとえば、ワープロソフト、表計算ソフトウェア、イラスト作成（お絵かき）用ソフトウェア、写真加工用ソフトウェアなど。アプリケーションプログラム（応用プログラム）ともいい、コンピュータ・プログラムの一種である。,2023-08-03 15:30:45
254,アプリケーションと（2番目の語を省略して）も呼ばれ。「アプリケーション」は「応用」という意味なので日本語では「応用ソフト」とも呼ぶ（が、最近は「応用ソフト」と呼ばれることは減った）。日本語ではアプリとも略される。「アプリ」という略称の用例は1980年代から存在する。マイクロソフトもWindows 10あたりから、アプリケーションソフトのことをアプリと呼ぶようになった（初心者向けの説明書や宣伝パンフなどの場合）。,2023-08-03 15:30:45
255,マイグレーションとは、主に自社で活用するシステムやハード・ソフトウェア、データなどを現在とは別の環境やプラットフォーム、バージョンへ移行することを指すものです。,2023-08-03 15:30:45
256,Keycloak（キークローク）は、モダンなアプリケーションやサービスで使用することを目的に開発された、シングルサインオン、アイデンティティ管理、アクセス管理の機能を提供するオープンソースソフトウェア製品である。2018年3月年現在、このJBossコミュニティのプロジェクトは、KeycloakをRH-SSO製品のupstreamプロジェクトとして使用しているRed Hatの支援を受けている。コンセプトの観点から見ると、このツールはアプリケーションやサービスをわずかなコーディングかコーディングなしで簡単にセキュアにすることを目的としている。,2023-08-03 15:30:45
257,UXのExperienceは「体験・経験」を意味し、UXはユーザーが製品・サービスを通じて得られる「体験」のことを指す。 デザインが美しい、フォントが見やすい、スイッチが押しやすいなど、ユーザーが製品やサービスに触れて感じること全てがUXとなる。,2023-08-03 15:30:45
258,Webの分野では、サイト内の各ページに共通して置かれる、サイト内のどこに何があるのかを簡潔にまとめたリンク集やメニューなどのことをナビゲーションということが多い。,2023-08-03 15:30:45
259,Python3とは 「Python3」（パイソン3）は、オープンソースのプログラミング言語です。 Webや人工知能開発、データ解析など、様々な分野で使われています。 Python3の特徴は、簡潔にプログラムを書けることです。,2023-08-03 15:30:45
260,HTML5（エイチティーエムエル・ファイブ）は、World Wide Web Consortium（W3C）が策定していたHyperText Markup Languageの5回目に当たる大幅な改定版である。現在はHTML Living Standardによって置き換えられている。,2023-08-03 15:30:45
261,NoSQLは一般にNot Only SQLの略だと言われています。 NoSQLというデータベースがあるわけではなく、多くの企業で使われているリレーショナルデータベース管理システム（以下、RDBMS）以外のデータベース管理システムを総称してNoSQLと呼んでいます。,2023-08-03 15:30:45
262,C#とは、米マイクロソフト（Microsoft）社が開発したプログラミング言語の一つで、C言語/C++言語をもとに同社の.NET Framework向けのソフトウェア開発に適した仕様に調整・改良したもの。2002年に最初のバージョンが公開された。,2023-08-03 15:30:45
263,Oracle Graph（オラクル グラフ）は、Oracleが提供するグラフデータベース管理システムです。グラフデータベースは、ノードとエッジという要素を使用してデータを表現し、データ間の関係性を効果的に表現するためのデータベースタイプです。,2023-08-03 15:30:45
264,GPT-3は、2020年7月にOpenAIが発表した高性能な言語モデル。 OpenAIは、Transformerと呼ばれる深層学習の手法を用いた言語モデルGPT（2018年）、GPT-2（2019年）を発表しており、GPT-3はその後継の言語モデルとなる。,2023-08-03 15:30:45
265,rsync(アールシンク) は、UNIXシステムにおいて、差分符号化を使ってデータ転送量を最小化し、遠隔地間のファイルやディレクトリの同期を行うアプリケーションソフトウェアである。類似のプログラムやプロトコルにはない rsync 独自の特徴として、ミラーサイトとの転送が双方向に高々1回で済む点がある。rsync はディレクトリ内容を表示し、ディレクトリやファイルをコピーできる。オプションでデータ圧縮や再帰も指定可能。,2023-08-03 15:30:45
266,『Ingress』（イングレス）は、スマートフォン向けの拡張現実技術を利用したオンラインゲーム・位置情報ゲーム。開発・運営を行うのは、もとはGoogleの社内スタートアップで、2015年8月にGoogleから独立したNiantic社。2012年11月に招待制でベータ版の運用が開始され、2013年10月に誰でも参加可能のオープンベータに移行し、2013年12月15日に正式運用が開始された。当初はAndroid専用であったが、2014年7月23日よりiOSにも対応した。,2023-08-03 15:30:45
267,誰でも使いやすいことを目標にして開発された日本製ヘッドレスCMSです。 直感的に入稿できるシステムによってあらゆる編集者にもわかりやすく、さまざまな要件にも適応できます。 また、様々な言語やフレームワークとも連携できるので様々な環境で利用可能です。,2023-08-03 15:30:45
268,EFSエイデンファミリーショップ - エイデン系列のファミリーショップ,2023-08-03 15:30:45
269,Encrypting File System - NTFSの暗号機能,2023-08-03 15:30:45
270,Emergency Fuel Surcharge - 海運の燃油サーチャージの一種,2023-08-03 15:30:45
271,OSやソフトウェアなどが一切インストールされていない、空の状態のハードディスク・物理サーバーのこと。,2023-08-03 15:30:45
272,システムを作成した際にどれくらいの強度があるかチェックするテストのことを負荷テストと言います。 システムによって強度の種類が違いますが、基本的にはユーザーが使用する限界値やシステムを連続で何時間使用できるかなどの限界を知るための作業です。,2023-08-03 15:30:45
273,PostgreSQL は、拡張性とSQL準拠を強調するフリーでオープンソースの関係データベース管理システム（RDBMS）である。Postgresとしても知られている。もともとは、カリフォルニア大学バークレー校で開発されたIngresデータベースの後継としてその起源を根拠としたPOSTGRESという名前であった。1996年に、プロジェクトはSQLのサポートを反映してPostgreSQLに改名された。2007年の検討の結果、開発チームはPostgreSQLという名前とPostgresという別名を維持することを決定した。,2023-08-03 15:30:45
274,『スプラトゥーン』（Splatoon）は、任天堂より2015年5月28日に発売されたWii U用アクションシューティングゲーム・対戦アクションゲーム。,2023-08-03 15:30:45
275,ハンズオン とは、体験学習を意味する教育用語。参加体験、実用的体験、インタラクティブ体験、実習、実験、体感など、体を使うことによる学習補助教育手法を指す。またトレーニングなどにおいては専門家から直接手取り足取り指導を受けることも意味する。,2023-08-03 15:30:45
276,計量経済学 とは、経済学の理論に基づいて経済モデルを作成し、統計学の方法によってその経済モデルの妥当性に関する実証分析を行う学問である。,2023-08-03 15:30:45
277,"Emacs（イーマックス、）は、その拡張性を特徴としたテキストエディタのファミリーである。Emacsの中で最も広く使われている派生物はGNU Emacsであるが、そのマニュアルにはEmacsを「the extensible, customizable, self-documenting, real-time display editor」（拡張およびカスタマイズが可能で、自己文書化を行い、リアルタイム表示を行うエディタ）であると説明されている。最初のEmacs開発が1970年代中盤に開始されてから、その直系の子孫であるGNU Emacsが製作され、その開発が2020年現在も続いている。",2023-08-03 15:30:45
278,AWS認定資格とは、AWS上でアプリケーション開発などを行うための知識やスキルを認定する資格です。 AWSが実施しているベンダー試験で、資格を取得することができればクラウドサービスであるAWSを扱うスキルを持っていることを証明できます。,2023-08-03 15:30:45
279,ネットワーク上でデータを転送する際、その経路を導き出すことをルーティングと呼びます。 特に複数のネットワークがルーターに代表される中継機器で接続されているインターネットでは、相手にパケットを届けるためにさまざまなネットワークを経由する可能性があります。,2023-08-03 15:30:45
280,データサイエンス またはデータ科学とは、データを用いて新たな科学的および社会に有益な知見を引き出そうとするアプローチのことであり、その中でデータを扱う手法である情報科学、統計学、アルゴリズムなどを横断的に扱う。,2023-08-03 15:30:45
281,ポエム本来は英語（poem）、フランス語（poème）で詩のこと。,2023-08-03 15:30:45
282,ネットワークの分野では、大規模なネットワークを小規模なネットワークに分割して管理することをセグメンテーション（ネットワークセグメンテーション）という。,2023-08-03 15:30:45
283,畳み込みニューラル ネットワーク (CNN または ConvNet) とは、データから直接学習するディープラーニングのためのネットワーク アーキテクチャです。 CNN は、オブジェクト、クラス、カテゴリを認識するために画像の中からパターンを検出するのに特に有効です。,2023-08-03 15:30:45
284,関係データベース管理システム（かんけいデータベースかんりシステム）またはリレーショナルデータベースマネジメントシステム は、関係データベース (RDB) の管理システムである。RDB がデータベースの種類を示すのに対して、RDBMS は RDB の実装を示す。標準問い合わせ言語として SQL を用いたアクセスを行うため、相対する言葉として RDBMS 以外のデータベースを意味する NoSQL がある。,2023-08-03 15:30:45
285,コルーチン(Coroutine)とは、Unityプログラミングにおいては関数を任意の箇所でストップ、再開できる機能を持った関数で、主に並列で処理する場合に用います。 非同期処理を行うための方法の一つです。,2023-08-03 15:30:45
286,iOSDCとは? “iOSDC Japan はiOS関連技術をコアのテーマとした技術者のためのカンファレンスです。” セッションも単にネイティブアプリを作成する話にとどまらず、CLIの話からテストの話まで、iOSアプリを作っている名だたるテックカンパニーよりスピーカーが登壇されます。,2023-08-03 15:30:45
287,「ハンズオン資料」は、実際に手を動かして学ぶための教材や資料を指します。主にプログラミングや技術的なスキルを習得する際に使用されます。ハンズオン資料は、理論や概念だけでなく、具体的な手順や実際の操作を通じて学ぶことを重視しています。,2023-08-03 15:30:45
288,IPアドレス は、Internet Protocol（IP）で通信相手を識別するための番号である。インターネットアドレスとも呼ばれる。,2023-08-03 15:30:45
289,Google Cloud Platformとは、Google社がクラウド上で提供しているサービスの名称で、GCPという略称で呼ばれています。 Google Cloud Platformを利用すれば、Google社が自社で利用しているインフラおよび技術と同じ環境を利用し、効率的なWeb開発が可能です。,2023-08-03 15:30:45
290,機械学習における分析アルゴリズムで、与えられたデータから、目的となる変数を表現する「教師あり学習」と呼ばれる分野のデータ分析方法の1つ。 目的変数に応じて、説明変数を「分類」するための手法で、高精度で信頼性が高く、また汎用性も高いことが特徴。 マイクロソフトによって2016年頃に開発された。,2023-08-03 15:30:45
291,Google Apps Script（GAS）は、Googleが提供するアプリケーション開発プラットフォームです。 GASを使うと、HTMLやJavaScriptのような身近なWeb言語を用いて、GmailやGoogleスプレッドシートを始めとしたGoogleサービスを自動化することが可能です。,2023-08-03 15:30:45
292,Generative art（生成美術）は、アルゴリズムやコンピュータプログラムを使用して作成される美術作品のジャンルです。このアプローチでは、アーティストがアルゴリズムを設計し、コードを記述することで、自動的に絵画、音楽、アニメーションなどを生成します。生成美術は、芸術的な創造性とコンピュータ科学の融合を示すものであり、予測不可能な結果や新奇な表現を生み出すことができます。,2023-08-03 15:30:45
293,Web API. Web API は、Slack 上でリッチなインタラクティブ・メッセージを送信する主な手段です。 この API は、同様の呼び出し規則に基づく HTTP メソッドで構成されています。 それらのメソッドを呼び出して、Slack とデータをやり取りすることができます。,2023-08-03 15:30:45
294,AWS PrivateLinkとは、独自のアプリケーションとAWS上のサービス群をよりセキュアに接続する仕組みのことです。 AWSにおいてWebアプリケーションを作成する際、Amazon VPC（Amazon Virtual Private Cloud）上で割り当てられた仮想ネットワーク上に構築されます。,2023-08-03 15:30:45
295,Windows Package Manager (winget) は、Windows 10及びWindows 11向けのフリーかつオープンソースのパッケージ管理システムである。,2023-08-03 15:30:45
296,コマンドラインユーティリティと、アプリケーションをインストールするための一連のサービスから構成されている。,2023-08-03 15:30:45
297,ISVはソフトウェアパッケージの配布チャネルとしてこれを利用することができる。,2023-08-03 15:30:45
298,コンピュータープログラミング とは、ある特定のコンピューティングの結果を得ることを目的として、実行可能なコンピュータープログラムを設計・構築するプロセスのことである。プログラミングが関係するタスクの例としては、アルゴリズムの生成、アルゴリズムの正確さとリソースの消費量のプロファイリング、選択したプログラミング言語でのアルゴリズムの実装（これは一般にコーディングと呼ばれる）などがある。プログラムのソースコードは、コンピューターのCPUで直接実行される機械語ではなく、プログラマーが理解できる1つ以上のプログラミング言語で書かれる。プログラミングの目的は、あるタスク（オペレーティングシステムのように複雑な場合もある）をコンピューター上で自動化する1連の命令を見つけることで、与えられた問題を解決することである。そのため、プログラミングのプロセスには、アプリケーションドメインに関する知識、特定のアルゴリズム、形式論理など、さまざまな主題に関する専門性が要求されることが多い。,2023-08-03 15:30:45
299,Microsoft Excel（マイクロソフト・エクセル）は、マイクロソフトがWindows、macOS、iOSおよびAndroid向けに開発・販売している表計算ソフト。,2023-08-03 15:30:45
300,Djangoとは、Pythonで作られているWebフレームワークです。 Djangoを使うことで、高品質なWebアプリケーションを簡単に、少ないコードで作成することができます。 シンプルなWebアプリであれば、数分で作ってしまうことも可能です。,2023-08-03 15:30:45
301,Oracle社が提供しているオープンソースのデータベースシステムの一つ。 世界でもっとも使用されているリレーショナルデータベースマネジメントシステム。,2023-08-03 15:30:45
302,MySQL（マイ・エスキューエル、海外ではマイ・シークェルとも）は、オープンソースのリレーショナルデータベース管理システム (RDBMS) である。その名前は、共同設立者のミカエル・ウィデニウスの娘の名前である「My」と、Structured Query Languageの略称である「SQL」を組み合わせたものである。,2023-08-03 15:30:45
303,WordPress（ワードプレス）は、オープンソースのブログソフトウェアである。PHPで開発されており、データベース管理システムとしてMySQLを利用している（後述のプラグインよりSQLiteでの使用も可能）。単なるブログではなくコンテンツ管理システム (CMS) としてもしばしば利用されている。b2/cafelogというソフトウェアのフォーク（後継）として開発、2003年5月27日に初版がリリースされた。GNU General Public License (GPL) の下で配布されている。,2023-08-03 15:30:45
304,Google のインフラストラクチャで仮想マシンを作成して実行できる、安全性の高いカスタマイズ可能なコンピューティング サービスです。,2023-08-03 15:30:45
305,「言語作成」とは、新しいプログラミング言語を設計、定義し、開発するプロセスを指します。プログラミング言語は、コンピュータに命令や指示を与えるための規則や文法のセットです。,2023-08-03 15:30:45
306,High Level Shading Language はマイクロソフトによって開発された、Direct3D (DirectX) で使われるプログラマブルシェーダーのためのプロプライエタリなシェーディング言語である。High Level Shader Language という呼び方もされている。ただしMSDNの日本語版ドキュメントでは、英語版の原文が「High Level Shader Language」となっている箇所だけでなく「High Level Shading Language」となっている箇所でも、上位レベル シェーダー言語（じょういレベルシェーダーげんご）という訳語を使用している。,2023-08-03 15:30:45
307,OAuthとは、複数のWebサービスを連携して動作させるために使われる仕組みです。 通常、Webサービスを利用するためは、個別にユーザーIDとパスワードを入力してユーザーを認証する必要がありますが、OAuthを利用することで、IDやパスワードを入力することなく、アプリケーション間の連動ができるのです。,2023-08-03 15:30:45
308,SPAとは”Single Page Application”（シングルページアプリケーション）の略であり、単一のページで、Webアプリケーションを構成する設計構造のことです。 SPAが実装されたページでは、遷移を行わずにコンテンツが切り替わるため、ユーザー体験（UX）の向上に繋がります。,2023-08-03 15:30:45
309,コンピュータにおいてエラーなどの通知をしたり入力を求めたりする小さなウインドウ「ダイアログボックス(dialog box)」の略称としても用いられる。,2023-08-03 15:30:45
310,Google Chrome（通称Chrome）は、Googleが開発した無料のウェブブラウザです。,2023-08-03 15:30:45
311,「null」は「ゼロの」、「存在しない」という意味。 コンピュータ関連では、文字列の終端記号として使用する値ゼロの文字や、ポインタが存在しないことを意味する特別な値（たいていのコンピュータでは0という値であるが、そうでない場合もある）を指してこう呼ぶことがある。,2023-08-03 15:30:45
312,Goとは、Google社がリリースしたオープンソースのプログラミング言語です。 コードの継承や例外処理を割愛して、極限にシンプルな記述方式を採用されています。 よって、大規模サービスでも負荷の少ない高速の処理能力が可能なこと、開発者に依存するコードの癖が抑制されるためメンテナンス性が高いこと、が特徴的です。,2023-08-03 15:30:45
313,WinMerge（ウィンマージ）は、複数のファイルやフォルダー（ディレクトリ）を比較し、その差分表示やマージをする機能を持つ、Microsoft Windows用のオープンソースソフトウェアである。,2023-08-03 15:30:45
314,「高校生」は、中等教育段階に位置する学生を指します。一般的には、中学校を卒業した後に高等学校に進学し、高校生となります。高校生は、学業の一環としてさまざまな科目を学びながら、将来の進路を考える時期でもあります。,2023-08-03 15:30:45
315,CSSアニメーションとは、CSSに関するプロパティを使用してHTMLに書かれている要素にわずかなアニメーションを実装したものです。 JavaScriptを使用せず、手軽に利用できるという利点があります。,2023-08-03 15:30:45
316,BIG-IPとは、F5ネットワークス（F5 Networks）社が開発・販売している通信制御装置などの製品群のブランド名。,2023-08-03 15:30:45
317,ngrokは、ネットワーク内部にあるローカルサーバのポート（ローカルホスト）に外部から直接アクセスすることを可能にするトンネリング／リバース・プロキシツールです。,2023-08-03 15:30:45
318,モノのインターネット とは、様々な「モノ（物）」がインターネットに接続され（単に繋がるだけではなく、モノがインターネットのように繋がる）、情報交換することにより相互に制御する仕組みである。それによるデジタル社会（クロステック）の実現を指す。現在の市場価値は800億ドルと予測されている。経済産業省が推進するコネクテッドインダストリーズやソサエティー5.0との関連でも注目を集めている。,2023-08-03 15:30:45
319,webhook（ウェブフック）は、web開発でカスタムのコールバックを用いてウェブページやウェブアプリケーションの動作を追加または変更するための方法である。このコールバックは、元のウェブサイトやアプリケーションはサードパーティのユーザーや開発者がメンテナンス、修正、管理できる場合がある。「webhook」という用語は、コンピュータプログラミングの用語hookから、2007年にJeff Lindsayによって作られた。,2023-08-03 15:30:45
320,Amazon ELBとは、Amazon Web Services内に構築したシステム内で負荷分散（ロードバランシング）を行うサービス。 複数の仮想マシン（VM）などの間で外部からの処理要求の振り分けを行うことができる。,2023-08-03 15:30:45
321,Cloud9 IDEはオンラインIDE（統合開発環境）であり、バージョン2.0からバージョン3.0までのオープンソースとして公開されている。C、C++ 、PHP、Ruby、Perl、Python 、Node.jsを伴うJavaScript 、Goなどの複数のプログラミング言語に対応している。,2023-08-03 15:30:45
322,Spring bootとは、Java言語の環境化で使用できるWebアプリケーションの開発をサポートするフレームワークです。 Spring Frameworkに搭載されているフレームワークの1つで、手軽な設定と少ないコード量でアプリケーションを作成するのに役立ちます。,2023-08-03 15:30:45
323,「初心者」とは、特定の分野や活動に対してまったく経験がない、またはわずかな経験しか持っていない人を指します。初めてその分野に触れるため、基本的な知識やスキルが不足している状態です。初心者は、まだ未熟であることが多く、学習やトレーニングを通じて徐々に専門的なスキルや知識を身につけていく過程を経験します。初心者の段階では、基本的な概念や技術を理解し、基礎から順に学習を進めることが重要です。初心者が継続的な努力を重ねて成長し、経験を積むことで、徐々に上級者へとステップアップしていくことが目指されます。,2023-08-03 15:30:45
324,ネットワークエンジニア  とは、コンピュータネットワークのシステムの構築（設計、初期設定、テスト）運用・保守、ネットワークプログラミングなどに従事するエンジニアである。,2023-08-03 15:30:45
325,Jetpack Compose は、ネイティブ UI をビルドする際に推奨される Android の最新ツールキットです。Android での UI 開発を簡素化し、加速します。少ないコード、パワフルなツール、直感的な Kotlin API を使用してアプリをすぐに動かすことができます。,2023-08-03 15:30:45
326,動的計画法 は、計算機科学の分野において、アルゴリズムの分類の1つである。対象となる問題を複数の部分問題に分割し、部分問題の計算結果を記録しながら解いていく手法を総称してこう呼ぶ。,2023-08-03 15:30:45
327,ソースコードリーディングは、プログラミングにおいて、他人が書いたコードを読み解く活動を指します。ソースコードリーディングは、他人のコードを理解し、修正、拡張、最適化するために重要なスキルです。ソースコードリーディングを通じて、プログラムの構造やロジックを理解し、新たな知識やアイデアを獲得することができます。,2023-08-03 15:30:45
328,Swift（スウィフト）は、Appleが開発したプログラミング言語です。iOS、macOS、watchOS、tvOSなどのAppleのプラットフォーム向けにアプリケーションを開発するために使用されます。Swiftはモダンで安全な言語であり、シンプルな構文や高いパフォーマンスを提供します。Objective-Cに比べて読みやすく書きやすいコードを生成し、アプリケーションの開発を効率的に行うことができます。iOSアプリやMacアプリ、ウォッチアプリなどの開発に広く利用されています。,2023-08-03 15:30:45
329,AWS Lambda は、サーバーをプロビジョニングまたは管理せずにコードを実行できるようにするコンピューティングサービスです。 Lambda は可用性の高いコンピューティングインフラストラクチャでコードを実行し、コンピューティングリソースに関するすべての管理を行います。,2023-08-03 15:30:45
330,UNIXコマンドは、Unix系オペレーティングシステム（またはその派生であるLinuxなど）で使用されるコマンドラインユーティリティのことを指します。これらのコマンドは、ファイルの操作、プロセスの管理、システムの設定など、さまざまなタスクを実行するために使用されます。,2023-08-03 15:30:45
331,CRUDとは、永続的なデータを取り扱うソフトウェアに要求される4つの基本機能である、データの作成（Create）、読み出し（Read）、更新（Update）、削除（Delete）の頭文字を繋げた語。,2023-08-03 15:30:45
332,React (リアクト) は、Meta（旧Facebook）とコミュニティによって開発されているユーザインタフェース構築のためのJavaScriptライブラリである。React.jsまたはReactJSの名称でも知られている。,2023-08-03 15:30:45
333,PLATEAU (プラトー）は、国土交通省が主導する日本全国の3D都市モデルの設備・オープンデータ化プロジェクトである。,2023-08-03 15:30:45
334,テキストエディタ は、コンピュータで文字情報（テキスト）のみのファイル、すなわちテキストファイルを作成、編集、保存するためのソフトウェア（プログラム）である。,2023-08-03 15:30:45
335,「CMS」とは、「Contents Management System：コンテンツ・マネジメント・システム」の略で、簡単にいうとWebサイトのコンテンツを構成するテキストや画像、デザイン・レイアウト情報（テンプレート）などを一元的に保存・管理するシステムのことです。,2023-08-03 15:30:45
336,パソコンとは、個人向けの小型、低価格の汎用コンピュータ製品。 個人が手元に置いて直接操作して利用するもので、利用者がソフトウェアを導入することで様々な用途に利用できる。,2023-08-03 15:30:45
337,レルムとは、ユーザーが所属するドメインまたは代替ドメインのことです。 ログイン画面で、ユーザーの認証先として指定します。 レルムは、認証サーバーやアカウント形式によって異なります。 UPN サフィックス（FQDN ドメイン名または代替サフィックス）がレルムになります。,2023-08-03 15:30:45
338,Microsoftが2011年にリリースしたReactiveX(Reactive Extensions)と呼ばれるライブラリのSwift版です。,2023-08-03 15:30:45
339,HTMLまたはHyperText Markup Language は、ハイパーテキストを記述するためのマークアップ言語の1つで、プログラミング言語ではない。主にWorld Wide Web（WWW）において、ウェブページを表現するために用いられる。ハイパーリンクや画像等のマルチメディアを埋め込むハイパーテキストとしての機能、見出しや段落といったドキュメントの抽象構造、フォントや文字色の指定などの見た目の指定、などといった機能がある。,2023-08-03 15:30:45
340,"syslog（シスログ）は、ログメッセージをIPネットワーク上で転送するための標準規格である。""syslog"" という用語は、その通信プロトコルを指すだけでなく、syslog メッセージを送信するシステム（アプリケーションやライブラリ）syslog メッセージを受信し報告・分析するシステムに対しても使われる。syslogの各メッセージには、そのメッセージを生成したシステムの種類を示すファシリティコードが付与され、重大度が設定される。",2023-08-03 15:30:45
341,備忘録（びぼうろく）は、記憶すべき事柄を簡単にメモするための個人的な雑記帳である。忘備録（ぼうびろく）は本来は誤記だが（忘れるのに備える記録で備忘録）、和製漢語の造語法としては自然なため（目的語+動詞）、普通に用いられている。,2023-08-03 15:30:45
342,画像処理 とは、画像を変形したり、色合いを変えたり、別の画像と合成したり、画像から何らかの情報を取り出したりする処理全般を指す。一般的に画像処理と言えば、コンピュータを使用した画像処理、すなわちデジタル画像処理のことを指す。,2023-08-03 15:30:45
343,「リリース」とは開発したソフトウェアに対するテストが成功して、製品版（リリース版）を出荷することを指します。,2023-08-03 15:30:45
344,SSLサーバ証明書は、ウェブサイトの「運営者の実在性を確認」し、ブラウザとウェブサーバ間で「通信データの暗号化」を行うための電子証明書です。 SSLサーバ証明書には、ウェブサイトの所有者の情報や、暗号化通信に必要な鍵、発行者の署名データが含まれています。,2023-08-03 15:30:45
345,スケジューラは、複数の処理すべき事項を優先度に従い制御・管理するための仕組みであると言える。 使用する場面により指すものが異なるが、ITの分野では、マルチタスクやマルチプロセッシングにおいてジョブに最適な優先度を割り振り制御する仕組み（ジョブ管理システム）を指すことが多い。,2023-08-03 15:30:45
346,VMware ESXi（ヴイエムウェア・イーエスエックスアイ、主にイーエスエックスアイと通称）は、VMware が仮想コンピュータを導入して提供するために開発したエンタープライズクラスのハイパーバイザである。以前の製品名は「ESX」。,2023-08-03 15:30:45
347,Automator（オートメーター）とは、Appleが開発するワークフロー構築ソフトウェアである。,2023-08-03 15:30:45
348,Ansible（アンシブル）は、プロビジョニング、構成管理、アプリケーションのデプロイメント、オーケストレーション、その他多くのITプロセスを自動化する、オープンソースのIT自動化ツールである。他の単純な管理ツールと違い、Ansibleのユーザー (システム管理者、開発者、アーキテクトなど) は、ソフトウェアのインストール、日常的に行うタスクの自動化、インフラストラクチャのプロビジョニング、セキュリティとコンプライアンスの向上、システムへのパッチ適用、組織全体での自動化の共有に、Ansibleの自動化を使用できる。,2023-08-03 15:30:45
349,CMakeは、コンパイラに依存しないビルド自動化のためのフリーソフトウェアであり、様々なオペレーティングシステムで動作させることができる。CMakeは階層化ディレクトリや複数のライブラリを利用するアプリケーションをサポートするよう設計されている。実際のビルドにおいては、make、Xcode、Visual Studioのようなネイティブのビルド環境が利用される。CMake自身は最小限の依存関係を持つよう設計されており、ビルドするにはC++コンパイラのみを必要とする。,2023-08-03 15:30:45
350,GA4とは、Google Analyticsの最新バージョンです。 ウェブアプリケーションやモバイルアプリなど、あらゆるプラットフォームのデータを収集、分析するために設計された無料のアクセス解析ツールです。,2023-08-03 15:30:45
351,Azure OpenAI Service は、さまざまなユース ケースに応じた特定のニーズに合わせて微調整できる、業界をリードするコーディングおよび言語 AI モデルを提供します。,2023-08-03 15:30:45
352,アポロ アドビシステムズ社が提供するRIA技術、Adobe AIRの旧称。 アルファ版リリース時のコードネーム、および当時の実行環境Apollo Runtimeを指す。 2007年6月にベータ版がリリースされた際、「AIR」が正式名称となった。,2023-08-03 15:30:45
353,macOS（マックオーエス）は、Appleが開発・販売するMacのオペレーティングシステムである。当初の名称はMac OS X（マックオーエステン）で、のちにOS X（オーエステン）に改められていた（後述）。,2023-08-03 15:30:45
354,Decoratorとは、オブジェクト指向プログラミングにおいて提案された23種類の公式、デザインパターンの1つです。 このデザインパターンはオブジェクトの構造に関わるパターンです。 このDecoratorパターンは、一言でまとめると様々なオブジェクトで、一つのオブジェクトを重ね着させ、着飾るようなというパターンです。,2023-08-03 15:30:45
355,浮動小数点数 は、実数をコンピュータで処理（演算や記憶、通信）するために有限桁の小数で近似値として扱う方式であり、コンピュータの数値表現として広く用いられている。多くの場合、1ビットの符号部、固定長の指数部、固定長の仮数部、の3つの部分を組み合わせて、数値を表現する。,2023-08-03 15:30:45
356,機械学習 とは、経験からの学習により自動で改善するコンピューターアルゴリズムもしくはその研究領域で、人工知能の一種であるとみなされている。「訓練データ」もしくは「学習データ」と呼ばれるデータを使って学習し、学習結果を使って何らかのタスクをこなす。例えば過去のスパムメールを訓練データとして用いて学習し、スパムフィルタリングというタスクをこなす、といった事が可能となる。,2023-08-03 15:30:45
357,CloudWatchはEC2やRDSなどのAWSサービスやオンプレミスのサーバーなどを監視出来るサービスです。 各AWSリソースの変更をトリガーに何かアクションを起こしたり（CloudWatchイベント）、EC2のCPU使用率やディスクの読み取り量などを記録・監視する（CloudWatchメトリクス）ことが可能です。,2023-08-03 15:30:45
358,「Jetson Nano」はNVIDIA社が提供する小型でかつ低電力で動作する開発ボードです。「Jetson Nano」はNVIDIA社が提供するGPUを搭載しており、CUDAと呼ばれる開発環境が標準で搭載されています。Jetson　Nano は比較的処理が重い汎用的な処理を簡単に高速化することができるため、企業から研究機関まで幅広く使われています。,2023-08-03 15:30:45
359,remote.itとは、プライベートIP ネットワーク内のデバイスに対して、インターネット経由の遠隔アクセスを可能とするP2P（ピアツーピア）接続サービスです。,2023-08-03 15:30:45
360,iOS とは、Appleが開発および提供する、iPhoneとiPod touch向けのモバイルオペレーティングシステム（組み込みプラットフォーム）である。,2023-08-03 15:30:45
361,"HID (Human Interface Device) クラス対応デバイスとは、キーボードやマウスなど、パソコンと人間との間で情報をやり取りするときに使用する周辺機器で、USB Implementers Forum,Inc.が定めるHIDクラスに対応した機器のことです。",2023-08-03 15:30:45
362,SHAP（SHapley Additive exPlanations）は、機械学習モデルの解釈性を向上させるための手法やライブラリです。SHAPは、モデルの予測結果を特徴量ごとにどの程度説明できるかを評価するために、シャプリー値（Shapley values）というゲーム理論から派生した概念を用いています。,2023-08-03 15:30:45
363,機能拡張ではソフトウェアに機能を追加する様々な方法について記述する。,2023-08-03 15:30:45
364,買（い）物 とは、品物を買うこと。,2023-08-03 15:30:45
365,VRChat（VRチャット）はGraham GaylorとJesse Joudreyによって開発され、アメリカ合衆国の企業であるVRChat Inc.によって運営が行われているソーシャルVRプラットフォームである。,2023-08-03 15:30:45
366,アイコン は、物事を簡単な絵柄で記号化して表現するもの。アメリカの哲学者パースによる記号の三分類の一つ。コンピュータ上の記号表記を指すことが多い。アイコンは「εικών」の中世・現代ギリシア語での読み「イコン」を「icon」とラテン文字に転写したものの英語読みである。,2023-08-03 15:30:45
367,大学の学生。,2023-08-03 15:30:45
368,Babylon.jsは、HTML5によりWebブラウザで3Dグラフィックスを表示できる、JavaScriptライブラリを使ったリアルタイム3Dエンジン。 Microsoftの技術者により開発されオープンソースとしてGitHubで公開、Apache License 2.0で配布されている。,2023-08-03 15:30:45
369,ブストリーミングおよび録画ソフトウェアです。OBSアプリは、コンピュータ画面の録画やライブストリーミング、Webカメラ映像のキャプチャなどを行うために使用されます。主にゲーム実況やチュートリアルの作成、ウェビナーやライブ配信など、さまざまな用途で利用されています。,2023-08-03 15:30:45
370,"AMDはAdvanced Micro Devices , Inc. （アドバンスト・マイクロ・デバイセズ）の略で、1969年にジェリー・サンダースによって設立された市場シェア世界第2位の半導体素子メーカーです。 なおAMDは「エーエムディー」と読みます。",2023-08-03 15:30:45
371,キャリア［carrier］とはIT分野では、主に通信サービスを提供する事業者のことを指す。 電話会社、携帯電話会社など通信設備を所有して広範囲にわたりサービスを提供する事業者が該当する。 また、ISPなど他社から通信設備を借りてサービスを提供する事業者も含まれる。,2023-08-03 15:30:45
372,自分用メモは、個人的な記録や情報整理のために使われる手段です。,2023-08-03 15:30:45
373,スクラムマスター役割は「プロダクトオーナーのサポート」「開発メンバーのサポート」「インペディメント（障害物）を取り除く」などチーム全体を見回してプロジェクトが円滑に運営されるように幅広く業務を担当します。,2023-08-03 15:30:45
374,MVCモデルとは、プログラムを役割ごとにModel（モデル）・View（ビュー）・Controller（コントローラー）の3つに分けて管理するソフトウェア設計モデルのことです。 システムの保守性や生産性の向上を図ることができます。 Model・View・Controllerの頭文字を取ってMVCモデルと呼ばれます。,2023-08-03 15:30:45
375,「ドローン」は、無人航空機や遠隔操作飛行機（Remotely Piloted Aircraft System、RPAS）とも呼ばれる、人間が直接搭乗せずに遠隔地から操作する航空機のことを指します。ドローンは、空中写真撮影、ビデオ撮影、測量、調査、運搬、救助活動などさまざまな目的で使用される技術です。,2023-08-03 15:30:45
376,World Wide Web はインターネット上で提供されているハイパーテキストシステムである。Web、ウェブ、W3 とも呼ばれる。,2023-08-03 15:30:45
377,Progressive Web Appsの略で、特にスマートフォンやタブレットなどの携帯端末でユーザーが手軽にWebサイトを閲覧するためのアプリです。 アプリをタップするとアプリ専用に作られたWebサイトにアクセスします。 PWAはアプリストア以外でもインストールすることができ、ユーザーのホーム画面に表示されます。,2023-08-03 15:30:45
378,ショートコーディングとは、プログラムのソースコードがどれだけ短く書けるか、「1バイトでも短く」データ構造・アルゴリズム・処理系の観点から探求することです。 ショートコーディングを行うことで、プログラミングの思考方法や本質を学ぶことができます。,2023-08-03 15:30:45
