oracle,31
oracle,103
oracle,263
oracle,301
crud,331
crud,331
model,47
model,374
langchain,68
langchain,68
asdf,14
ingress,266
kubernetes,150
kubernetes,186
kubernetes,209
kubernetes,150
kubernetes,186
kubernetes,209
ingress,266
elb,320
lambda,329
ingress,266
elb,320
elb,320
prometheus,154
kubernetes,150
kubernetes,186
kubernetes,209
elb,320
httpd,73
gcp,289
ntp,86
ingress,266
ingress,266
elb,320
elb,320
elb,320
elb,320
certificate,226
elb,320
crud,331
langchain,68
gcp,289
lambda,329
langchain,68
langchain,68
expo,35
model,47
model,374
gcp,289
steam,66
isucon,146
gcp,289
isucon,146
coroutine,285
lambda,329
lambda,329
lambda,329
model,47
model,374
lambda,329
exception,109
exception,246
langchain,68
lambda,329
ingress,266
kubernetes,150
kubernetes,186
kubernetes,209
gcp,289
kubernetes,150
kubernetes,186
kubernetes,209
gcp,289
lambda,329
promise,98
promise,159
bug,82
elb,320
ingress,266
elb,320
gcp,289
crud,331
crud,331
nosql,261
nosql,284
crud,331
rfc,157
elb,320
crud,331
solidity,9
ssd,36
asdf,14
gcp,289
gcp,289
lambda,329
